Index;Mail
1;Marie@filiareA
2;Sophie@filiareD
3;Charlotte@filiareA
4;Alexander@filiareA
5;Noah@filiareB
6;Charlotte@filiareC
7;David@filiareA
8;Emilia@filiareC
9;Leon@filiareC
10;Maria@filiareC
11;Maximilian@filiareC
12;Valentin@filiareB
13;Ella@filiareB
14;Lea@filiareD
15;Theodor@filiareA
16;Karl@filiareC
17;Emma@filiareB
18;Maximilian@filiareC
19;Elias@filiareD
20;Paul@filiareA
21;Emilia@filiareA
22;Sophia@filiareD
23;Adam@filiareD
24;Anton@filiareA
25;Emil@filiareB
26;Jonas@filiareC
27;Anna@filiareA
28;Johanna@filiareB
29;Felix@filiareA
30;Liam@filiareC
31;Elisabeth@filiareA
32;Clara@filiareD
33;Mathilda@filiareB
34;Elias@filiareD
35;Jakob@filiareB
36;Leo@filiareD
37;Lukas@filiareC
38;Mia@filiareA
39;Henry@filiareD
40;Frida@filiareC
41;Hannah@filiareB
42;Olivia@filiareC
43;Levi@filiareC
44;Paul@filiareC
45;Luise@filiareA
46;Ben@filiareC
47;Gabriel@filiareB
48;Leonard@filiareA
49;Anna@filiareD
50;Hanna@filiareC
51;Marie@filiareB
52;Mila@filiareA
53;Nora@filiareA
54;Paula@filiareD
55;Benjamin@filiareC
56;Alma@filiareC
57;Lara@filiareA
58;Leni@filiareC
59;Leonie@filiareA
60;Alexander@filiareB
61;Lina@filiareC
62;Max@filiareC
63;Johanna@filiareA
64;Helena@filiareB
65;Julius@filiareD
66;Lena@filiareB
67;Pauline@filiareD
68;Ali@filiareC
69;Anton@filiareA
70;Johann@filiareC
71;Sophia@filiareD
72;Finn@filiareC
73;Louis@filiareB
74;Amelie@filiareB
75;Luca@filiareB
76;Maya@filiareD
77;Malik@filiareD
78;Milan@filiareD
79;Emil@filiareA
80;Michael@filiareB
81;Emily@filiareB
82;Frieda@filiareD
83;Jonathan@filiareD
84;Luise@filiareD
85;Linus@filiareB
86;Sofia@filiareA
87;Sophie@filiareB
88;Elisabeth@filiareB
89;Benjamin@filiareD
90;Luisa@filiareC
91;Aaron@filiareB
92;Luis@filiareA
93;Ava@filiareB
94;Mateo@filiareD
95;Isabella@filiareD
96;Raphael@filiareC
97;Juna@filiareD
98;Samuel@filiareB
99;Liya@filiareA
100;Tim@filiareB
101;Lotta@filiareC
102;Luisa@filiareD
103;Marlene@filiareB
104;Mina@filiareD
105;Friedrich@filiareB
106;Lina@filiareB
107;Louis@filiareA
108;Marlene@filiareA
109;Samuel@filiareB
110;Moritz@filiareC
111;Viktor@filiareA
112;Vincent@filiareD
113;Ada@filiareB
114;Amira@filiareD
115;Flora@filiareD
116;Ida@filiareD
117;Lia@filiareB
118;Lilly@filiareC
119;Mara@filiareB
120;Thea@filiareD
121;Tilda@filiareA
122;Alexander@filiareC
123;Antonia@filiareC
124;Carlotta@filiareD
125;Helene@filiareC
126;Magdalena@filiareB
127;Mathilda@filiareA
128;Rosa@filiareC
129;Victoria@filiareC
130;Arthur@filiareC
131;August@filiareC
132;Bruno@filiareA
133;Caspar@filiareA
134;Erik@filiareA
135;Friedrich@filiareC
136;Johann@filiareA
137;Joshua@filiareB
138;Kian@filiareC
139;Matteo@filiareA
140;Antonia@filiareC
141;Mika@filiareC
142;Rosa@filiareB
143;Nicolas@filiareA
144;Oskar@filiareC
145;Theo@filiareC
146;David@filiareC
147;Felix@filiareC
148;Karl@filiareD
149;Peter@filiareB
150;Theresa@filiareD
151;Alina@filiareD
152;Amalia@filiareA
153;Carla@filiareA
154;Ali@filiareC
155;Carlotta@filiareA
156;Carl@filiareB
157;Cleo@filiareD
158;Daniel@filiareC
159;Elisabeth@filiareB
160;Frederik@filiareA
161;Julia@filiareB
162;Jan@filiareD
163;Karla@filiareA
164;Leopold@filiareC
165;Nisa@filiareC
166;Marie@filiareC
167;Carl@filiareC
168;Ferdinand@filiareA
169;Johannes@filiareC
170;Jonathan@filiareD
171;Katharina@filiareA
172;Oskar@filiareB
173;Lea@filiareA
174;Otto@filiareD
175;Lou@filiareD
176;Theodor@filiareB
177;Wilhelm@filiareB
178;Arian@filiareA
179;Aliya@filiareC
180;Eymen@filiareA
181;Elisa@filiareA
182;Gustav@filiareC
183;Klara@filiareA
184;Hamza@filiareC
185;Lana@filiareB
186;Hugo@filiareC
187;Luna@filiareA
188;Jasper@filiareD
189;Maria@filiareC
190;Joris@filiareB
191;Matilda@filiareC
192;Julian@filiareC
193;Medina@filiareB
194;Justus@filiareC
195;Mira@filiareD
196;Lian@filiareB
197;Zoe@filiareD
198;Mert@filiareD
199;Niklas@filiareA
200;Noel@filiareD
201;Oliver@filiareA
202;Philipp@filiareC
203;Valentin@filiareB
204;Sophie@filiareC
205;Ida@filiareA
206;Louisa@filiareD
207;Gabriel@filiareA
208;Pauline@filiareA
209;Joel@filiareA
210;Viktoria@filiareB
211;Luca@filiareD
212;Nael@filiareB
213;Robert@filiareA
214;Theo@filiareA
215;Thomas@filiareD
216;Aaliyah@filiareA
217;Alva@filiareB
218;Amelia@filiareA
219;Anouk@filiareB
220;Elif@filiareA
221;Elina@filiareC
222;Ayaz@filiareA
223;Laura@filiareC
224;Elio@filiareB
225;Louise@filiareB
226;Fynn@filiareA
227;Lucy@filiareB
228;Henri@filiareA
229;Maja@filiareD
230;Ibrahim@filiareC
231;Martha@filiareB
232;Jona@filiareC
233;Merle@filiareD
234;Lasse@filiareB
235;Romy@filiareB
236;Luka@filiareB
237;Ruby@filiareD
238;Mattis@filiareB
239;Sarah@filiareB
240;Milo@filiareD
241;Theresa@filiareA
242;Simon@filiareA
243;Viktoria@filiareC
244;Amalia@filiareC
245;Aurelia@filiareB
246;Elisa@filiareC
247;Ella@filiareB
248;Lena@filiareB
249;Finn@filiareA
250;Leonie@filiareB
251;Georg@filiareB
252;Louise@filiareB
253;Jakob@filiareA
254;Paulina@filiareB
255;Josef@filiareB
256;Luis@filiareC
257;Noel@filiareD
258;Simon@filiareB
259;Vincent@filiareC
260;Can@filiareD
261;Alea@filiareA
262;Carlo@filiareB
263;Alexandra@filiareD
264;Edgar@filiareA
265;Aurelia@filiareD
266;Elian@filiareB
267;Ela@filiareD
268;Emir@filiareD
269;Josephine@filiareC
270;Fabian@filiareB
271;Lilia@filiareA
272;Jannis@filiareB
273;Louisa@filiareA
274;Kilian@filiareD
275;Lucia@filiareC
276;Konstantin@filiareA
277;Marla@filiareC
278;Leonardo@filiareA
279;Melissa@filiareD
280;Lionel@filiareC
281;Milla@filiareD
282;Mio@filiareA
283;Nele@filiareB
284;Richard@filiareB
285;Paulina@filiareD
286;Rio@filiareA
287;Rosalie@filiareD
288;Vito@filiareA
289;Sara@filiareA
290;Younes@filiareA
291;Stella@filiareA
292;Yunus@filiareD
293;Valerie@filiareC
294;Victoria@filiareC
295;Yara@filiareC
296;Michael@filiareC
297;Paul@filiareD
298;Peter@filiareD
299;Ava@filiareA
300;Clara@filiareD
301;Elin@filiareA
302;Elise@filiareD
303;Emma@filiareB
304;Adam@filiareC
305;Grace@filiareD
306;Antonio@filiareC
307;Hannah@filiareC
308;Arthur@filiareD
309;Josephine@filiareB
310;Bruno@filiareC
311;Liv@filiareA
312;Can@filiareA
313;Liya@filiareD
314;James@filiareC
315;Mila@filiareD
316;Jan@filiareD
317;Paula@filiareB
318;Jonas@filiareD
319;Rosalie@filiareC
320;Jonte@filiareC
321;Rose@filiareA
322;Konstantin@filiareB
323;Ruth@filiareD
324;Leonard@filiareA
325;Sofia@filiareD
326;Levi@filiareB
327;Valentina@filiareD
328;Levin@filiareC
329;Ludwig@filiareD
330;Malik@filiareA
331;Martin@filiareA
332;Matteo@filiareD
333;Max@filiareB
334;Oliver@filiareC
335;Richard@filiareC
336;Adrian@filiareB
337;Alparslan@filiareA
338;Amir@filiareC
339;Celia@filiareA
340;Bilal@filiareB
341;Defne@filiareA
342;Deniz@filiareA
343;Diana@filiareB
344;Emilio@filiareA
345;Eliana@filiareD
346;Enno@filiareC
347;Esther@filiareD
348;Ensar@filiareC
349;Eva@filiareC
350;Ferdinand@filiareB
351;Finja@filiareB
352;Fiete@filiareC
353;Kaia@filiareB
354;Florian@filiareD
355;Liliana@filiareA
356;Ilyas@filiareC
357;Lisa@filiareA
358;Juri@filiareC
359;Liv@filiareB
360;Kiyan@filiareB
361;Livia@filiareB
362;Leano@filiareD
363;Miriam@filiareC
364;Lennart@filiareA
365;Levin@filiareD
366;Mahir@filiareC
367;Maxim@filiareD
368;Mohamed@filiareD
369;Mustafa@filiareC
370;Nael@filiareA
371;Nikola@filiareA
372;Oscar@filiareD
373;Piet@filiareD
374;Rafael@filiareC
375;Santiago@filiareB
376;Thomas@filiareC
377;Tobias@filiareC
378;Victor@filiareA
379;Charlotte@filiareA
380;Georg@filiareB
381;Margarete@filiareB
382;Alma@filiareB
383;Dorothea@filiareC
384;Eleonore@filiareD
385;Elsa@filiareD
386;Eva@filiareA
387;Filipa@filiareB
388;Frieda@filiareC
389;Isabel@filiareC
390;Asaf@filiareB
391;Lucia@filiareA
392;Christoph@filiareD
393;Luna@filiareD
394;Emilian@filiareD
395;Malia@filiareA
396;Erik@filiareA
397;Mathilde@filiareA
398;Frank@filiareB
399;Mira@filiareA
400;Frederick@filiareB
401;Nisa@filiareD
402;Henri@filiareA
403;Sofie@filiareA
404;Henry@filiareC
405;ZoÃ©@filiareC
406;Idris@filiareC
407;Joseph@filiareB
408;Kemal@filiareB
409;Kilian@filiareA
410;Leo@filiareC
411;Leon@filiareD
412;Leopold@filiareC
413;Maxim@filiareB
414;Mehmet@filiareC
415;Moritz@filiareB
416;Nicolas@filiareD
417;Philipp@filiareD
418;Stefan@filiareC
419;Yasin@filiareC
420;Adriana@filiareD
421;Alessia@filiareC
422;Alice@filiareB
423;Alisa@filiareC
424;Amina@filiareC
425;Amy@filiareD
426;Annika@filiareA
427;Carolina@filiareC
428;Dalia@filiareA
429;Elena@filiareC
430;Elli@filiareC
431;Ellie@filiareC
432;Greta@filiareA
433;Hana@filiareA
434;Jasmin@filiareB
435;Albert@filiareD
436;Kira@filiareD
437;Andreas@filiareB
438;Laila@filiareD
439;Antonius@filiareA
440;Liah@filiareB
441;Bastian@filiareA
442;Lilli@filiareB
443;Bela@filiareA
444;Malia@filiareB
445;Bennet@filiareD
446;Malou@filiareB
447;Christian@filiareA
448;Nala@filiareC
449;Damian@filiareB
450;Noa@filiareA
451;Eli@filiareB
452;Philine@filiareD
453;Elyas@filiareD
454;Philippa@filiareD
455;Emilian@filiareD
456;Ronja@filiareA
457;Fritz@filiareD
458;Tuana@filiareB
459;Hannes@filiareA
460;Valentina@filiareA
461;Henrik@filiareD
462;Zara@filiareC
463;Ivan@filiareD
464;Zeynep@filiareB
465;Jack@filiareA
466;ZoÃ©@filiareA
467;Jannes@filiareC
468;Janosch@filiareC
469;Jonah@filiareA
470;Josef@filiareD
471;Joseph@filiareD
472;Laurenz@filiareA
473;Lias@filiareD
474;Lio@filiareD
475;Malte@filiareC
476;Mark@filiareD
477;Matheo@filiareB
478;Mats@filiareD
479;Mikail@filiareC
480;Miran@filiareC
481;Mohammad@filiareC
482;Mohammed@filiareC
483;Muhammad@filiareB
484;Muhammed@filiareC
485;Musa@filiareD
486;Nick@filiareC
487;Nils@filiareC
488;Omar@filiareA
489;Philip@filiareA
490;Rayan@filiareA
491;Robin@filiareC
492;Tom@filiareD
493;Yahya@filiareA
494;Yusuf@filiareB
495;Ã–mer@filiareB
496;Marie@filiareB
497;Bruno@filiareB
498;Josefine@filiareA
499;Franz@filiareC
500;Katharina@filiareA
501;Friedrich@filiareB
502;Louise@filiareC
503;Jonathan@filiareC
504;Maria@filiareC
505;JÃ¼rgen@filiareD
506;Rose@filiareD
507;Konstantin@filiareA
508;Ada@filiareC
509;Alice@filiareB
510;Alicia@filiareA
511;Amelie@filiareC
512;Caroline@filiareB
513;Christine@filiareB
514;Ela@filiareA
515;Florentine@filiareA
516;Friederike@filiareC
517;Jolie@filiareA
518;Karlotta@filiareA
519;Klara@filiareB
520;Laetitia@filiareB
521;Lee@filiareB
522;Adrian@filiareB
523;Lieselotte@filiareA
524;Albert@filiareB
525;Lydia@filiareC
526;Alfred@filiareA
527;Maja@filiareC
528;Amon@filiareB
529;Malina@filiareA
530;Andreas@filiareA
531;Malou@filiareD
532;AndrÃ©s@filiareD
533;Margarete@filiareB
534;Avi@filiareD
535;Mary@filiareD
536;Balthasar@filiareD
537;Milou@filiareC
538;Ben@filiareB
539;Olivia@filiareB
540;Bennet@filiareB
541;Thea@filiareD
542;Bernhard@filiareD
543;Wilma@filiareB
544;Carlos@filiareA
545;Yael@filiareD
546;Christopher@filiareC
547;Zofia@filiareD
548;Constantin@filiareB
549;Daniel@filiareA
550;Efe@filiareB
551;Elia@filiareD
552;Eliah@filiareC
553;Emilio@filiareD
554;Erich@filiareA
555;Erwin@filiareA
556;Fiete@filiareD
557;Franz@filiareD
558;Frederik@filiareA
559;Fritz@filiareA
560;Hans@filiareA
561;Heinrich@filiareB
562;Ilyas@filiareD
563;Joshua@filiareB
564;Julius@filiareD
565;Kaan@filiareB
566;Kadir@filiareC
567;Klaus@filiareD
568;Leander@filiareA
569;Lian@filiareD
570;Lucas@filiareB
571;Magnus@filiareB
572;Miguel@filiareD
573;Nikolaus@filiareB
574;Noah@filiareD
575;Nuri@filiareB
576;Ole@filiareD
577;Philip@filiareA
578;Rafael@filiareA
579;Rainer@filiareB
580;Raphael@filiareD
581;Reinhard@filiareA
582;Rudi@filiareA
583;Saint@filiareB
584;Wolfgang@filiareB
585;Alicia@filiareB
586;Amilia@filiareB
587;Anastasia@filiareD
588;Annabelle@filiareB
589;Ariana@filiareA
590;Arya@filiareB
591;Asel@filiareC
592;Azra@filiareC
593;Cosima@filiareC
594;Dea@filiareB
595;Edda@filiareB
596;Elea@filiareD
597;Eleanor@filiareB
598;Elise@filiareD
599;Eliz@filiareB
600;Elizabeth@filiareA
601;Emilie@filiareA
602;Evin@filiareA
603;Fiona@filiareA
604;Fritzi@filiareA
605;Hailey@filiareD
606;Helene@filiareA
607;Henriette@filiareB
608;Ilayda@filiareB
609;Ivy@filiareA
610;Lamis@filiareA
611;Layla@filiareA
612;Leah@filiareC
613;Leona@filiareA
614;Abdurrahman@filiareA
615;Lilith@filiareC
616;Adem@filiareA
617;Linda@filiareC
618;Ahmad@filiareD
619;Lola@filiareB
620;Ahmed@filiareA
621;Lotte@filiareC
622;Alex@filiareD
623;Lou@filiareB
624;Aras@filiareC
625;Magdalena@filiareA
626;Arvid@filiareB
627;Malika@filiareC
628;Atlas@filiareC
629;Mariam@filiareC
630;Charlie@filiareC
631;Melek@filiareB
632;Cosmo@filiareC
633;Melina@filiareD
634;Danilo@filiareA
635;Milana@filiareC
636;Diego@filiareB
637;Milena@filiareB
638;Edis@filiareA
639;Mona@filiareB
640;Emile@filiareC
641;Nea@filiareA
642;Emin@filiareA
643;Nicole@filiareC
644;Eric@filiareC
645;Nika@filiareB
646;Fabio@filiareB
647;Nike@filiareB
648;Francis@filiareD
649;Noelia@filiareC
650;Franz@filiareD
651;Rima@filiareD
652;Fridolin@filiareA
653;Samira@filiareA
654;GÃ¼ney@filiareD
655;Yuna@filiareC
656;Ian@filiareB
657;Zehra@filiareD
658;Ilija@filiareD
659;Janis@filiareB
660;Joel@filiareC
661;Johannes@filiareB
662;Karim@filiareC
663;Keno@filiareB
664;Kerem@filiareC
665;Konrad@filiareD
666;Lennard@filiareB
667;Leonidas@filiareC
668;Lewin@filiareD
669;Lion@filiareD
670;Lucas@filiareB
671;Ludwig@filiareD
672;Manuel@filiareD
673;Marc@filiareA
674;Michael@filiareB
675;Musab@filiareB
676;Mylo@filiareB
677;Nathan@filiareB
678;Nikita@filiareD
679;Niko@filiareB
680;Noan@filiareD
681;Ole@filiareC
682;Otto@filiareA
683;Pablo@filiareC
684;Phil@filiareB
685;Phileas@filiareC
686;Rami@filiareA
687;RÃ¼zgar@filiareB
688;Samir@filiareD
689;Taavi@filiareD
690;Taha@filiareB
691;Thilo@filiareA
692;Timur@filiareB
693;Tony@filiareC
694;Wim@filiareB
695;YiÄŸit@filiareC
696;Younis@filiareA
697;Youssef@filiareC
698;Amalia@filiareB
699;An@filiareA
700;Anna@filiareD
701;Andreas@filiareD
702;Beate@filiareD
703;Anton@filiareC
704;Emilia@filiareC
705;Balthasar@filiareD
706;Helene@filiareB
707;Benjamin@filiareD
708;Ingrid@filiareA
709;Daniel@filiareC
710;Johanna@filiareD
711;David@filiareB
712;Luisa@filiareA
713;Emil@filiareB
714;Luise@filiareA
715;Felix@filiareB
716;Margarethe@filiareC
717;Ferdinand@filiareA
718;Nina@filiareB
719;Fritz@filiareB
720;Rebecca@filiareB
721;Henning@filiareD
722;Sofie@filiareC
723;Johann@filiareA
724;Therese@filiareC
725;Karl@filiareA
726;Victoria@filiareA
727;Louis@filiareC
728;Wiebke@filiareD
729;Manfred@filiareC
730;Otto@filiareD
731;Ruben@filiareA
732;Valentin@filiareD
733;Vincent@filiareC
734;William@filiareA
735;Alessandra@filiareD
736;Aleyna@filiareC
737;Aliyah@filiareD
738;Amelia@filiareC
739;Annabelle@filiareA
740;Anne@filiareC
741;Annik@filiareC
742;Anouk@filiareB
743;Antje@filiareB
744;Antonietta@filiareC
745;Bente@filiareA
746;ChloÃ©@filiareB
747;Cristina@filiareD
748;Devi@filiareB
749;Dominique@filiareD
750;Dua@filiareB
751;Elaine@filiareD
752;Elena@filiareB
753;Elenor@filiareA
754;Elina@filiareA
755;Emmy@filiareC
756;Erika@filiareC
757;Esperanza@filiareD
758;Esther@filiareC
759;Evelyn@filiareB
760;Feline@filiareA
761;Filippa@filiareA
762;Fiona@filiareA
763;Florentina@filiareC
764;Frida@filiareA
765;Gabriele@filiareA
766;Gabrielle@filiareC
767;Greta@filiareC
768;Hanna@filiareD
769;Helen@filiareD
770;Hermine@filiareC
771;Hira@filiareB
772;Aaron@filiareD
773;Hope@filiareB
774;Aldin@filiareD
775;Irena@filiareD
776;Alfons@filiareD
777;Irma@filiareB
778;Alva@filiareB
779;Ivy@filiareC
780;Amadeus@filiareC
781;Jana@filiareC
782;Amos@filiareC
783;Jasmin@filiareD
784;Anh@filiareB
785;Josefin@filiareC
786;Antonovic@filiareA
787;Josephin@filiareC
788;Arian@filiareB
789;Lara@filiareD
790;Arnold@filiareC
791;Lavin@filiareA
792;Aslan@filiareD
793;Leni@filiareD
794;August@filiareC
795;Leonore@filiareD
796;Aviel@filiareD
797;Leora@filiareC
798;Ayaz@filiareC
799;Leticia@filiareA
800;Barnabas@filiareC
801;Leyla@filiareA
802;Benedikt@filiareA
803;Lilly@filiareB
804;Bernard@filiareC
805;Linda@filiareC
806;Bernd@filiareA
807;Liyah@filiareC
808;Bilal@filiareB
809;Lore@filiareA
810;Caspar@filiareA
811;Lotta@filiareD
812;Christian@filiareA
813;Lotte@filiareA
814;Darian@filiareD
815;Luca@filiareC
816;Deniz@filiareA
817;Luzia@filiareC
818;Dennis@filiareA
819;Madita@filiareA
820;Dieter@filiareD
821;Mai@filiareA
822;Edgar@filiareD
823;Mali@filiareB
824;Eliano@filiareB
825;Malin@filiareD
826;Emanuel@filiareC
827;Margarita@filiareA
828;Emin@filiareD
829;Margot@filiareB
830;Emmanuel@filiareB
831;Marina@filiareD
832;Erdem@filiareD
833;Maya@filiareD
834;Eric@filiareA
835;Melissa@filiareD
836;Erkan@filiareA
837;Mia@filiareB
838;Ernst@filiareD
839;Mina@filiareD
840;Eymen@filiareD
841;Minou@filiareA
842;Fabian@filiareD
843;Miriam@filiareC
844;Florian@filiareA
845;Naz@filiareA
846;Fridolin@filiareA
847;Nora@filiareC
848;Gustav@filiareC
849;Nur@filiareD
850;Hamza@filiareA
851;Nuria@filiareA
852;Hannes@filiareA
853;Ottilie@filiareA
854;Hasan@filiareC
855;Petra@filiareB
856;Helmut@filiareC
857;Philine@filiareC
858;Hermann@filiareD
859;Philippa@filiareD
860;Hoang@filiareA
861;Philomena@filiareA
862;Holger@filiareC
863;Quynh@filiareD
864;Hugo@filiareB
865;Reddy@filiareB
866;Jamal@filiareD
867;Rosemarie@filiareC
868;Janosch@filiareD
869;Ruby@filiareD
870;Jasper@filiareA
871;Selin@filiareA
872;Joachim@filiareD
873;Sol@filiareC
874;Jona@filiareD
875;Su@filiareD
876;Jonah@filiareB
877;Sue@filiareD
878;Joris@filiareD
879;Susann@filiareA
880;Julian@filiareA
881;Sylvia@filiareA
882;Karim@filiareC
883;Talia@filiareA
884;Kian@filiareC
885;Toni@filiareD
886;Kuno@filiareD
887;Ursula@filiareC
888;Lasse@filiareA
889;Vaiana@filiareB
890;Leonardo@filiareD
891;Yuna@filiareC
892;Levent@filiareD
893;Zeynep@filiareD
894;Liam@filiareB
895;Zoe@filiareC
896;Lio@filiareD
897;Lothar@filiareA
898;Lovis@filiareD
899;Malte@filiareA
900;Manolo@filiareC
901;Maria@filiareB
902;Marian@filiareC
903;Marie@filiareD
904;Markus@filiareC
905;Matti@filiareD
906;Maurice@filiareB
907;Milan@filiareC
908;Milas@filiareC
909;Milo@filiareC
910;Minh@filiareA
911;Nathan@filiareD
912;Nicholas@filiareD
913;Niklas@filiareC
914;Nikolas@filiareA
915;NoÃ«l@filiareD
916;Omar@filiareA
917;Pepe@filiareD
918;Phil@filiareB
919;Phileas@filiareC
920;Reddy@filiareC
921;Roman@filiareA
922;Rudolf@filiareB
923;Salih@filiareA
924;Santiago@filiareC
925;Selim@filiareC
926;Taha@filiareC
927;Till@filiareC
928;Uwe@filiareB
929;Valentino@filiareC
930;Valerian@filiareA
931;Van@filiareD
932;Walter@filiareD
933;Willi@filiareD
934;William@filiareD
935;Yan@filiareD
936;YiÄŸit@filiareD
937;Yusuf@filiareC
938;Zayn@filiareB
939;Adelina@filiareC
940;Alara@filiareD
941;Alya@filiareA
942;Alyssa@filiareD
943;Amaia@filiareD
944;Amal@filiareC
945;Amani@filiareB
946;Ana@filiareA
947;Angelina@filiareA
948;Annabell@filiareB
949;Anni@filiareD
950;Aria@filiareC
951;Asya@filiareB
952;Aurora@filiareC
953;Ayla@filiareA
954;Bella@filiareB
955;Camilla@filiareA
956;Cara@filiareA
957;Carmen@filiareC
958;Charlie@filiareB
959;Chiara@filiareD
960;Clea@filiareD
961;Dariya@filiareD
962;Dilara@filiareC
963;Diya@filiareC
964;Dua@filiareA
965;Dunya@filiareD
966;Eleonore@filiareD
967;Elinor@filiareB
968;Elissa@filiareD
969;Ellinor@filiareB
970;Elsa@filiareA
971;Enie@filiareC
972;Enissa@filiareA
973;EsmÃ©e@filiareD
974;Fatima@filiareD
975;Felicia@filiareD
976;Freya@filiareD
977;Giulia@filiareA
978;Golda@filiareC
979;Aleksa@filiareA
980;Hafsa@filiareA
981;Alwin@filiareD
982;Haley@filiareB
983;Amon@filiareB
984;Halima@filiareD
985;Anel@filiareD
986;Hayat@filiareC
987;Armin@filiareC
988;Hedi@filiareC
989;Arne@filiareB
990;Helen@filiareC
991;Artur@filiareA
992;Hermine@filiareD
993;Asaf@filiareD
994;Ikra@filiareC
995;Azad@filiareA
996;Ä°nci@filiareD
997;Batuhan@filiareD
998;Io@filiareD
999;Benedict@filiareB
1000;Isabel@filiareC
1001;Borys@filiareA
1002;Iva@filiareB
1003;Casper@filiareB
1004;Izabela@filiareD
1005;Charalampos@filiareB
1006;Jamila@filiareB
1007;Colin@filiareC
1008;Jana@filiareB
1009;Constantin@filiareD
1010;Jannah@filiareD
1011;Cyril@filiareD
1012;Jasmina@filiareA
1013;Danell@filiareB
1014;Jeanne@filiareD
1015;Dani@filiareB
1016;Joana@filiareD
1017;Darian@filiareA
1018;JosÃ©phine@filiareA
1019;Dominik@filiareA
1020;Judy@filiareB
1021;Dylan@filiareB
1022;Julie@filiareC
1023;Eduard@filiareB
1024;Juno@filiareA
1025;Ege@filiareD
1026;Karlotta@filiareD
1027;Elia@filiareA
1028;Karoline@filiareB
1029;Elijah@filiareB
1030;Katarina@filiareB
1031;Elliot@filiareA
1032;Kate@filiareC
1033;Elyesa@filiareA
1034;Kayla@filiareD
1035;Emanuel@filiareA
1036;Larin@filiareD
1037;Emmett@filiareA
1038;Leia@filiareB
1039;Enes@filiareD
1040;Lene@filiareA
1041;Erdem@filiareA
1042;Levke@filiareC
1043;Eren@filiareC
1044;Leya@filiareB
1045;Florentin@filiareA
1046;Liara@filiareD
1047;Frederick@filiareA
1048;Lidia@filiareA
1049;Frieder@filiareB
1050;Liesbeth@filiareB
1051;Georg@filiareA
1052;Lili@filiareA
1053;Hassan@filiareD
1054;Linn@filiareB
1055;HÃ¼seyin@filiareB
1056;Liyah@filiareC
1057;Ilai@filiareC
1058;Lovis@filiareB
1059;Ilja@filiareA
1060;Luciana@filiareB
1061;Ä°lyas@filiareD
1062;Luzie@filiareC
1063;Isaac@filiareA
1064;Madalena@filiareA
1065;Ismail@filiareD
1066;Madita@filiareA
1067;Jacob@filiareA
1068;Malea@filiareD
1069;Jakub@filiareB
1070;Maliya@filiareB
1071;James@filiareA
1072;Mari@filiareA
1073;Jamil@filiareD
1074;Marisa@filiareB
1075;Jari@filiareB
1076;Marisol@filiareC
1077;Jaro@filiareB
1078;Maryam@filiareB
1079;Johan@filiareD
1080;Mascha@filiareA
1081;John@filiareC
1082;Mavi@filiareB
1083;Jonne@filiareA
1084;Maxie@filiareA
1085;Junus@filiareD
1086;Mayla@filiareA
1087;Kaan@filiareC
1088;Medine@filiareD
1089;Karam@filiareC
1090;Melin@filiareD
1091;KÄ±vanÃ§@filiareD
1092;Melinda@filiareD
1093;Kjell@filiareA
1094;Meryem@filiareA
1095;Krish@filiareB
1096;Narin@filiareD
1097;Kuzey@filiareC
1098;Naya@filiareA
1099;Lars@filiareA
1100;Nelia@filiareA
1101;Leander@filiareC
1102;Nelly@filiareA
1103;Leif@filiareA
1104;Nila@filiareB
1105;Lev@filiareA
1106;Nina@filiareD
1107;Lino@filiareC
1108;Nisanur@filiareD
1109;Liyan@filiareA
1110;Noemi@filiareD
1111;Loukas@filiareC
1112;Nola@filiareD
1113;Lucio@filiareC
1114;Noomi@filiareD
1115;Luke@filiareA
1116;Norah@filiareA
1117;Mads@filiareC
1118;NoÃ«mi@filiareA
1119;Mahdi@filiareD
1120;Nuria@filiareC
1121;Marian@filiareD
1122;Ophelia@filiareA
1123;Marius@filiareA
1124;Pia@filiareD
1125;Marlo@filiareB
1126;Pina@filiareA
1127;Matti@filiareC
1128;Polina@filiareB
1129;Milas@filiareA
1130;Raya@filiareD
1131;Mirac@filiareB
1132;Riona@filiareB
1133;MiraÃ§@filiareC
1134;Ruth@filiareD
1135;Miron@filiareA
1136;Safiya@filiareA
1137;Neo@filiareB
1138;Sally@filiareB
1139;Nikolas@filiareA
1140;Sanna@filiareD
1141;Nilo@filiareB
1142;Selin@filiareD
1143;Nima@filiareA
1144;Selina@filiareB
1145;Otis@filiareA
1146;Selma@filiareB
1147;Pars@filiareB
1148;Sena@filiareD
1149;Pepe@filiareA
1150;Sidra@filiareA
1151;Robert@filiareB
1152;Sina@filiareC
1153;Roman@filiareC
1154;Skadi@filiareB
1155;Rune@filiareB
1156;Smilla@filiareD
1157;Silas@filiareA
1158;Susanna@filiareC
1159;Stefan@filiareB
1160;Svea@filiareA
1161;Sultan@filiareA
1162;Talya@filiareC
1163;Tamim@filiareB
1164;Tiana@filiareC
1165;Tamino@filiareD
1166;Tiffany@filiareD
1167;Tamo@filiareA
1168;Toni@filiareB
1169;Tiago@filiareC
1170;Una@filiareD
1171;Till@filiareC
1172;Vivien@filiareB
1173;Vasco@filiareB
1174;Wanda@filiareD
1175;William@filiareD
1176;Wilma@filiareC
1177;Yannik@filiareA
1178;Yael@filiareB
1179;Yasin@filiareD
1180;Yva@filiareA
1181;Yona@filiareD
1182;Zahra@filiareA
1183;Zeinab@filiareC
1184;Zeyneb@filiareB
1185;Zoey@filiareA
1186;ZoÃ«@filiareA
1187;Abraham@filiareA
1188;Maria@filiareA
1189;Friedrich@filiareA
1190;Alamea@filiareD
1191;Wilhelm@filiareC
1192;Alice@filiareB
1193;Hajat@filiareA
1194;Aksel@filiareD
1195;Andreas@filiareB
1196;Alenia@filiareC
1197;Carl@filiareB
1198;Andrea@filiareA
1199;Ferdinand@filiareA
1200;Antonia@filiareD
1201;Friedemann@filiareD
1202;Camille@filiareB
1203;Friedensreich@filiareA
1204;Caroline@filiareD
1205;Friedrich@filiareC
1206;Charlotte@filiareD
1207;Gieselher@filiareC
1208;Chiara@filiareA
1209;Gottfried@filiareB
1210;Edith@filiareA
1211;Heinrich@filiareB
1212;Elisabeth@filiareC
1213;Huy@filiareC
1214;Helma@filiareB
1215;Ingo@filiareD
1216;Hildegard@filiareA
1217;Karl-Heinz@filiareC
1218;Ingrid@filiareA
1219;Kuno@filiareC
1220;Johanna@filiareB
1221;Leopold@filiareA
1222;Marguerite@filiareC
1223;Manfred@filiareC
1224;Maria@filiareD
1225;Michael@filiareA
1226;MÃ¼slÃ¼mat@filiareB
1227;Peter@filiareA
1228;Salome@filiareD
1229;Tho@filiareC
1230;Susanne@filiareA
1231;Volker@filiareB
1232;Teal@filiareD
1233;Abigail@filiareB
1234;Adriana@filiareD
1235;Aiko@filiareB
1236;Alexandra@filiareC
1237;Alexandrovna@filiareB
1238;Ama@filiareD
1239;Aaron@filiareD
1240;AmiÅ›a@filiareB
1241;Abraheem@filiareB
1242;Amoore@filiareB
1243;Adama@filiareD
1244;Andrea@filiareA
1245;Adrian@filiareD
1246;Anica@filiareA
1247;Akwasi@filiareC
1248;Anne-Pauline@filiareD
1249;Alexson@filiareC
1250;Anneliese@filiareD
1251;Alfred@filiareA
1252;Annemarie@filiareD
1253;Ali@filiareD
1254;Anni@filiareA
1255;Alistair@filiareC
1256;Annica@filiareC
1257;Almahdi@filiareA
1258;Aurora@filiareA
1259;Almenning@filiareB
1260;Betty@filiareC
1261;Amel@filiareC
1262;Birgit@filiareD
1263;Anand@filiareD
1264;Bo@filiareD
1265;Anhelo@filiareC
1266;Cameran@filiareB
1267;Anselm@filiareD
1268;Carina@filiareB
1269;Antonio@filiareA
1270;Carlotta@filiareC
1271;Apollo@filiareA
1272;Caroline@filiareD
1273;Ares@filiareC
1274;Cataleya@filiareB
1275;Arthur@filiareA
1276;Cela@filiareC
1277;Artur@filiareB
1278;Christina@filiareA
1279;Asgar@filiareB
1280;Chuanchom@filiareC
1281;Asmund@filiareC
1282;Clarissa@filiareD
1283;August@filiareA
1284;Claudia@filiareD
1285;Augustin@filiareB
1286;Dalia@filiareB
1287;Avi@filiareC
1288;Danijela@filiareB
1289;Benedikt@filiareD
1290;Dokht@filiareC
1291;Bennett@filiareC
1292;Dora@filiareA
1293;Berl@filiareB
1294;Duong@filiareB
1295;Bjarki@filiareC
1296;Eleanor@filiareB
1297;Bonzo@filiareC
1298;Eleonore@filiareA
1299;Bosse@filiareD
1300;Elsbeth@filiareC
1301;BrÃ»sk@filiareA
1302;Elva@filiareD
1303;Cairo@filiareD
1304;Elvira@filiareB
1305;Camille@filiareC
1306;Emel@filiareC
1307;Caspar@filiareA
1308;Emilie@filiareD
1309;Chaled@filiareB
1310;Emma@filiareA
1311;Christian@filiareA
1312;Esma@filiareB
1313;Christoph@filiareC
1314;Esmanur@filiareD
1315;Cornelius@filiareA
1316;Eva@filiareA
1317;Dennys@filiareD
1318;Eveline@filiareC
1319;Dieter@filiareA
1320;Everly@filiareB
1321;Dio@filiareA
1322;Fatima@filiareC
1323;Eduard@filiareD
1324;Felicitas@filiareC
1325;Elia@filiareD
1326;Filine@filiareA
1327;Emanuel@filiareB
1328;Fleur@filiareC
1329;Erdmann@filiareA
1330;Francoise@filiareC
1331;Finn@filiareA
1332;FranÃ§oise@filiareC
1333;Francis@filiareC
1334;Friederun@filiareD
1335;Francisco@filiareD
1336;Frohmut@filiareA
1337;Frank@filiareC
1338;Gabriele@filiareC
1339;FranÃ§ois@filiareB
1340;Gerda@filiareB
1341;Frederik@filiareC
1342;Gertrud@filiareD
1343;Gabriel@filiareA
1344;Gisa@filiareC
1345;Gamal@filiareD
1346;Gisell@filiareD
1347;Gerd@filiareB
1348;Gretchen@filiareD
1349;Gerhard@filiareD
1350;GÃ¼lsel@filiareC
1351;Gustav@filiareD
1352;Hania@filiareA
1353;Heinrich@filiareD
1354;Helen@filiareB
1355;Hermann@filiareC
1356;Helga@filiareD
1357;HernÃ¡n@filiareD
1358;Ibrahim@filiareA
1359;Ibrahim@filiareD
1360;Ilse@filiareC
1361;Immanuel@filiareD
1362;Inge@filiareD
1363;Isa@filiareA
1364;Isabel@filiareD
1365;Jan@filiareD
1366;Jane@filiareB
1367;Jens@filiareD
1368;Jean@filiareB
1369;Joachim@filiareC
1370;Jelena@filiareD
1371;Johannes@filiareB
1372;Josefa@filiareC
1373;Joseph@filiareA
1374;JosÃ©phine@filiareA
1375;Juan@filiareC
1376;Juliane@filiareC
1377;Julien@filiareA
1378;Kaia@filiareC
1379;June@filiareC
1380;Karolin@filiareC
1381;Justus@filiareA
1382;Kate@filiareA
1383;Kasimir@filiareD
1384;Kathrine@filiareD
1385;Khang@filiareB
1386;Katinka@filiareA
1387;Khoa@filiareD
1388;Khalid@filiareA
1389;Konrad@filiareA
1390;Kidilua@filiareA
1391;Kurt@filiareB
1392;Klara@filiareD
1393;Kwaku@filiareD
1394;Kristina@filiareB
1395;Kwame@filiareA
1396;Laoise@filiareB
1397;KÃ¡roly@filiareB
1398;Laura@filiareB
1399;Lars@filiareB
1400;Laya@filiareA
1401;Lasse@filiareD
1402;Laye@filiareD
1403;Latif@filiareC
1404;Leila@filiareA
1405;Lee@filiareB
1406;Leonore@filiareC
1407;Leonard@filiareB
1408;Lia@filiareA
1409;Leonidas@filiareA
1410;Liljen@filiareC
1411;Leopold@filiareC
1412;Liselotte@filiareD
1413;Lev@filiareA
1414;Liv@filiareD
1415;Luca@filiareA
1416;Lotta@filiareD
1417;LÃ¡szlÃ³@filiareD
1418;Lotte@filiareA
1419;MaomÃ©@filiareD
1420;Lucienna@filiareB
1421;Marcus@filiareD
1422;Lupita@filiareC
1423;Maria@filiareD
1424;Majvi@filiareB
1425;Marie@filiareA
1426;Malu@filiareB
1427;Marius@filiareD
1428;Marga@filiareA
1429;Mariusz@filiareA
1430;Marianne@filiareC
1431;Martin@filiareA
1432;Marija@filiareA
1433;Matteo@filiareD
1434;Marine@filiareD
1435;Mattis@filiareD
1436;Marlies@filiareD
1437;Maximilian@filiareC
1438;Martha@filiareD
1439;Milo@filiareB
1440;Marwa@filiareC
1441;Miro@filiareD
1442;Mohamed@filiareC
1443;Misbah@filiareD
1444;Mora@filiareC
1445;Mohamed@filiareB
1446;Nairievna@filiareB
1447;Molina@filiareB
1448;Nalu@filiareA
1449;Moritz@filiareD
1450;Naomi@filiareA
1451;Nael@filiareB
1452;Nicol@filiareA
1453;Nicu@filiareD
1454;Nijola@filiareA
1455;Olamide@filiareA
1456;Nikita@filiareA
1457;Oliver@filiareC
1458;Nola@filiareC
1459;Onni@filiareA
1460;Noomi@filiareB
1461;Panu@filiareD
1462;Octavia@filiareC
1463;Pascal@filiareD
1464;Ose@filiareC
1465;Pascarella@filiareC
1466;Patricia@filiareB
1467;Pepe@filiareA
1468;Peppa@filiareC
1469;Phi@filiareA
1470;Philine@filiareA
1471;Philipp@filiareC
1472;Philomena@filiareC
1473;Philippe@filiareD
1474;Phoebe@filiareD
1475;Piotr@filiareD
1476;Ray@filiareA
1477;Pipo@filiareA
1478;Renate@filiareA
1479;Ra@filiareA
1480;Ricarda@filiareB
1481;Rafael@filiareD
1482;Rita@filiareA
1483;Ramy@filiareC
1484;Ronja@filiareA
1485;Raoof@filiareA
1486;Rosa@filiareB
1487;Reda@filiareA
1488;Roxy@filiareC
1489;Reinhard@filiareA
1490;Ruda@filiareB
1491;Rey@filiareA
1492;Ruth@filiareA
1493;Rico@filiareA
1494;Sabrina@filiareC
1495;Roger@filiareC
1496;Saleh@filiareA
1497;Rudi@filiareC
1498;Sarah@filiareD
1499;Rudolf@filiareB
1500;Sol@filiareB
1501;RÃ¼diger@filiareD
1502;Sonnele@filiareB
1503;Saad@filiareB
1504;Tamala@filiareC
1505;Samuel@filiareB
1506;Tamara@filiareA
1507;Singh@filiareC
1508;Theresia@filiareD
1509;Steven@filiareC
1510;Thordis@filiareA
1511;Takumi@filiareD
1512;Trang@filiareB
1513;Tarik@filiareA
1514;Ulla@filiareD
1515;Ted@filiareD
1516;Ursula@filiareA
1517;Tim@filiareC
1518;Vera@filiareC
1519;Tuáº¥n@filiareD
1520;Yuberta@filiareD
1521;Ty@filiareD
1522;Yui@filiareA
1523;Ulf@filiareA
1524;Zaini@filiareB
1525;Valentino@filiareC
1526;Van@filiareD
1527;Wang@filiareA
1528;Wendelinus@filiareB
1529;Werner@filiareB
1530;Wetchoko@filiareB
1531;Wilhelm@filiareA
1532;Willi@filiareD
1533;Ya'ar@filiareC
1534;Yeshi@filiareC
1535;Yi@filiareA
1536;Yoedistiro@filiareC
1537;Ziyad@filiareB
1538;Ãlvaro@filiareC
1539;Aaliyah@filiareB
1540;Addy@filiareA
1541;AdÃ¨le@filiareC
1542;Agata@filiareB
1543;Agnes@filiareC
1544;Aishwarya@filiareB
1545;Alara@filiareB
1546;Alberte@filiareA
1547;Albertine@filiareA
1548;Alea@filiareD
1549;Aleida@filiareB
1550;Alekseevna@filiareD
1551;Alexandra-Luise@filiareC
1552;Alexis@filiareD
1553;Alicja@filiareD
1554;Alissia@filiareC
1555;Almila@filiareA
1556;Almira@filiareD
1557;Alya@filiareD
1558;Amanda@filiareA
1559;Amani@filiareA
1560;Amaya@filiareC
1561;Ameli@filiareA
1562;Amilia@filiareA
1563;Aminu@filiareD
1564;Amira@filiareC
1565;Amro@filiareB
1566;AmÃ©lie@filiareB
1567;Ana@filiareB
1568;Anatolevna@filiareB
1569;Andra@filiareA
1570;Andrea@filiareA
1571;Ange@filiareB
1572;Angela@filiareA
1573;Angelika@filiareA
1574;Angelina@filiareB
1575;Anh@filiareA
1576;Aniela@filiareD
1577;Anja@filiareA
1578;Annelie@filiareD
1579;Anneliese@filiareC
1580;Annette@filiareD
1581;Anni@filiareA
1582;Abdullah@filiareB
1583;Anruo@filiareC
1584;Abdulrahman@filiareD
1585;Antonovna@filiareA
1586;Abel@filiareC
1587;AntÃ´nia@filiareD
1588;Abubakari@filiareD
1589;Anuk@filiareB
1590;Adem@filiareB
1591;Aolani@filiareD
1592;Adil@filiareB
1593;Apolonia@filiareD
1594;Adriyanov@filiareB
1595;April@filiareA
1596;Aeneas@filiareA
1597;Ardith@filiareD
1598;Afanassij@filiareB
1599;Arin@filiareD
1600;Aggrey@filiareC
1601;Arslanbekovna@filiareA
1602;Ahmedov@filiareC
1603;Arya@filiareD
1604;Ahmet@filiareC
1605;Arzu@filiareA
1606;Ahura@filiareC
1607;Asel@filiareA
1608;Aiden@filiareC
1609;Ashley@filiareA
1610;AimÃ©@filiareC
1611;Asiyeh@filiareB
1612;Akay@filiareA
1613;AslÄ±han@filiareA
1614;Aki@filiareC
1615;Aslihan@filiareB
1616;Akim@filiareD
1617;Asme@filiareC
1618;Akram@filiareA
1619;Astraea@filiareB
1620;Al-Tayyib@filiareB
1621;Athene@filiareB
1622;Aladdin@filiareB
1623;Aubrey@filiareC
1624;Alan@filiareD
1625;Auri@filiareB
1626;Aleksan@filiareB
1627;Aurora@filiareA
1628;Alessandro@filiareC
1629;AurÃ©lie@filiareA
1630;Alex@filiareD
1631;Avelina@filiareD
1632;Alexis@filiareA
1633;Avi@filiareD
1634;Alois@filiareD
1635;AybÃ¼ke@filiareC
1636;Alon@filiareA
1637;Ayda@filiareA
1638;Alonso@filiareC
1639;Ayla@filiareA
1640;Alp@filiareB
1641;Aynur@filiareB
1642;Alparslan@filiareB
1643;Azra@filiareA
1644;Alvar@filiareA
1645;Balami@filiareA
1646;Alwin@filiareC
1647;Barbara@filiareB
1648;Amandus@filiareC
1649;Baz@filiareC
1650;Amaru@filiareD
1651;Beatrice@filiareB
1652;An@filiareC
1653;Bedda@filiareA
1654;Anas@filiareC
1655;Bel@filiareD
1656;Anastasios@filiareA
1657;Bensu@filiareA
1658;Andreev@filiareA
1659;Beslanovna@filiareC
1660;AndreeviÄ@filiareD
1661;Bess@filiareC
1662;Angelo@filiareC
1663;Binte@filiareC
1664;Anouar@filiareA
1665;Birgit@filiareA
1666;Antay@filiareC
1667;Blair@filiareA
1668;Antoine@filiareC
1669;Bo@filiareB
1670;Antonin@filiareA
1671;Brigitte@filiareD
1672;Antonov@filiareC
1673;BÃ¤rbel@filiareC
1674;AntonoviÄ@filiareB
1675;Caitlin@filiareB
1676;Anuel@filiareA
1677;Carla@filiareD
1678;Apostolos@filiareB
1679;Carmen@filiareD
1680;Ara@filiareA
1681;Caron@filiareC
1682;Aras@filiareB
1683;Catalina@filiareA
1684;Areg@filiareD
1685;Catharina@filiareA
1686;Aris@filiareB
1687;Catherine@filiareC
1688;Arlo@filiareD
1689;Cecilia@filiareC
1690;Armenov@filiareA
1691;Celina@filiareC
1692;Aron@filiareD
1693;Celine@filiareB
1694;Artus@filiareC
1695;Cemile@filiareD
1696;ArtÃ«moviÄ@filiareA
1697;Cemre@filiareA
1698;Arvid@filiareC
1699;Chanel@filiareA
1700;Asif@filiareC
1701;Charlize@filiareA
1702;Atanas@filiareB
1703;Charlotta@filiareA
1704;Augustin@filiareB
1705;Chiamaka@filiareA
1706;Aurelio@filiareB
1707;Christa@filiareA
1708;Aurelius@filiareD
1709;Christel@filiareD
1710;AurÃ©l@filiareA
1711;Christiane@filiareA
1712;Avel@filiareC
1713;Christina-Egle@filiareA
1714;Azrael@filiareB
1715;CirÅ«@filiareA
1716;BagratoviÄ@filiareC
1717;Claire@filiareD
1718;Basi@filiareD
1719;Claudia@filiareD
1720;Bastian@filiareC
1721;Coco@filiareA
1722;BatÄ±n@filiareA
1723;Corina@filiareC
1724;Bela@filiareC
1725;Cosma@filiareD
1726;Benni@filiareD
1727;Csilla@filiareA
1728;Benno@filiareC
1729;CÃ¤cilia@filiareD
1730;Bjarne@filiareA
1731;CÃ©leste@filiareA
1732;Blacker@filiareD
1733;D'arcy@filiareD
1734;Blnd@filiareB
1735;Dalia@filiareD
1736;Boris@filiareD
1737;Danila@filiareC
1738;Borna@filiareD
1739;Davina@filiareD
1740;Bosse@filiareA
1741;Defne@filiareA
1742;Bratli@filiareD
1743;Denise@filiareA
1744;Brian@filiareC
1745;DenisÃ¬vna@filiareA
1746;Burak@filiareC
1747;Dhamisa@filiareC
1748;Cadeo@filiareA
1749;Diya@filiareB
1750;Caius@filiareC
1751;Dmitry@filiareB
1752;Carlo@filiareA
1753;DmitrÃ¬vna@filiareB
1754;Carsten@filiareA
1755;Douala@filiareC
1756;Cedric@filiareC
1757;Dragana@filiareD
1758;Cedrik@filiareD
1759;Dzaharovna@filiareB
1760;Chang@filiareB
1761;Ebba@filiareB
1762;Charly@filiareA
1763;Ece@filiareD
1764;Chengyou@filiareB
1765;Ecrin@filiareD
1766;Chinelo@filiareD
1767;Editha@filiareA
1768;Christiano@filiareD
1769;Ekaterina@filiareC
1770;Clemens@filiareD
1771;Eleanor@filiareA
1772;Connor@filiareC
1773;Eleni@filiareB
1774;Cornell@filiareD
1775;Eleonor@filiareC
1776;Cosmo@filiareA
1777;Eleonora@filiareD
1778;Cuma@filiareB
1779;Elfe@filiareB
1780;Cumali@filiareC
1781;Eli@filiareB
1782;CÃ´me@filiareD
1783;Eliana@filiareC
1784;Dai@filiareC
1785;Elita@filiareB
1786;Dale@filiareD
1787;Eliz@filiareB
1788;DalÃ­@filiareB
1789;Elizabeth@filiareB
1790;Damian@filiareB
1791;Ellie@filiareB
1792;Danso@filiareA
1793;Eloise@filiareB
1794;Dejan@filiareC
1795;Else@filiareD
1796;Dhyan@filiareB
1797;Elvira@filiareA
1798;Diao@filiareB
1799;Elya@filiareB
1800;Dimitrios@filiareC
1801;Embla@filiareA
1802;Djibril@filiareA
1803;Emel@filiareD
1804;DmitrieviÄ@filiareD
1805;Emelie@filiareC
1806;Dodi@filiareD
1807;Emilie@filiareD
1808;Dominic@filiareA
1809;Emily@filiareD
1810;Duran@filiareA
1811;Emma-Lotte@filiareD
1812;DuÅ¡an@filiareD
1813;Emmi@filiareD
1814;Dzhuneytov@filiareD
1815;EmÃ©lie@filiareD
1816;Ebbe@filiareA
1817;Ena@filiareB
1818;Ebubekir@filiareC
1819;Enna@filiareC
1820;Eden@filiareA
1821;Erna@filiareA
1822;Edison@filiareA
1823;Esin@filiareA
1824;Eduard@filiareC
1825;Esja@filiareD
1826;Eduardo@filiareA
1827;Esra@filiareC
1828;Edwardson@filiareD
1829;Ester@filiareC
1830;Egidio@filiareD
1831;Eveline@filiareA
1832;Ejder@filiareB
1833;Ewa@filiareA
1834;Ekrem@filiareD
1835;EylÃ¼l@filiareB
1836;Elean@filiareA
1837;Fabienne@filiareC
1838;Eli@filiareC
1839;Fahriye@filiareB
1840;Elian@filiareB
1841;Fatou@filiareD
1842;Elijah@filiareA
1843;Feelina@filiareD
1844;Elijan@filiareD
1845;Felice@filiareA
1846;Elio@filiareD
1847;Felina@filiareC
1848;Ellery@filiareC
1849;Fenja@filiareC
1850;Elman@filiareC
1851;Feride@filiareC
1852;Elvis@filiareB
1853;Fiene@filiareA
1854;Emad@filiareC
1855;Filiz@filiareD
1856;Emadt@filiareA
1857;Fine@filiareC
1858;Emanuelov@filiareA
1859;Finnja@filiareB
1860;Emiliano@filiareA
1861;Firuze@filiareB
1862;Emilien@filiareA
1863;Flurina@filiareD
1864;Emre@filiareA
1865;Francesca@filiareC
1866;Engin@filiareA
1867;Francis@filiareC
1868;Enno@filiareA
1869;Francisca@filiareD
1870;Enrique@filiareD
1871;Franziska@filiareA
1872;Enver@filiareB
1873;Fredericia@filiareA
1874;Enzo@filiareD
1875;Freja@filiareC
1876;Eremia@filiareA
1877;Friede@filiareB
1878;Esra@filiareD
1879;Fritzi@filiareB
1880;Ethan@filiareA
1881;Gabriela@filiareB
1882;Eugene@filiareC
1883;Gaia@filiareC
1884;Evgen'eviÄ@filiareB
1885;Gemma@filiareD
1886;Ewald@filiareC
1887;Georgieva@filiareA
1888;Ezechiel@filiareB
1889;Georgine@filiareA
1890;Fabio@filiareC
1891;Giuseppina@filiareA
1892;Faisal@filiareD
1893;Guadalupe@filiareC
1894;Farhad@filiareA
1895;Gzime@filiareA
1896;Faruk@filiareB
1897;GÃ¼lseren@filiareB
1898;Fatih@filiareB
1899;GÃ¼lter@filiareD
1900;Federico@filiareD
1901;GÃ¼neÅŸ@filiareB
1902;Felipe@filiareB
1903;Halima@filiareD
1904;Filix@filiareC
1905;Hanan@filiareB
1906;Findus@filiareD
1907;Haniya@filiareD
1908;Fionn@filiareD
1909;Hauke@filiareB
1910;Fjodor@filiareD
1911;Havin@filiareD
1912;Florentin@filiareC
1913;Hazime@filiareC
1914;Francesco@filiareC
1915;Hedi@filiareC
1916;Francis@filiareD
1917;Helin@filiareB
1918;Franciszek@filiareC
1919;Henriette@filiareB
1920;Frederico@filiareD
1921;Hikari@filiareC
1922;FrÃ©dÃ©ric@filiareA
1923;Hilda@filiareB
1924;Fynn@filiareD
1925;Hisham@filiareA
1926;Gaffar@filiareA
1927;Hivda@filiareB
1928;Georgiev@filiareA
1929;HÃ¼ma@filiareC
1930;Gereon@filiareD
1931;Idun@filiareD
1932;Ghazi@filiareB
1933;Il'iniÄna@filiareA
1934;Giacomo@filiareB
1935;Ilayda@filiareB
1936;Giancarlo@filiareB
1937;Iliyanova@filiareD
1938;Great@filiareD
1939;Ilvie@filiareD
1940;Guido@filiareC
1941;Imani@filiareC
1942;Guillaume@filiareC
1943;Imara@filiareA
1944;Gunjan@filiareD
1945;Ioana@filiareD
1946;Gunnar@filiareC
1947;Irem@filiareD
1948;Gunter@filiareD
1949;Irene@filiareD
1950;Hadrian@filiareC
1951;Iris@filiareC
1952;Hajo@filiareD
1953;IrÃ¨ne@filiareA
1954;Halil@filiareC
1955;Isabelita@filiareC
1956;Haluk@filiareA
1957;Isabella@filiareD
1958;Hamad@filiareB
1959;Isabelle@filiareD
1960;Hamada@filiareA
1961;Iveel@filiareA
1962;Hammadi@filiareA
1963;Jakoba@filiareB
1964;Han@filiareA
1965;Jane@filiareC
1966;Hardy@filiareA
1967;Janne@filiareC
1968;Harry@filiareC
1969;Janushka@filiareA
1970;Hartmut@filiareA
1971;Jennifer@filiareA
1972;Heng@filiareA
1973;Jette@filiareD
1974;Henning@filiareC
1975;Jo@filiareA
1976;Henryk@filiareC
1977;Joanna@filiareD
1978;Heribert@filiareB
1979;Johanne@filiareD
1980;Herschel@filiareB
1981;Jola@filiareA
1982;Hikmet@filiareB
1983;Jori@filiareA
1984;Hinnerk@filiareA
1985;Josa@filiareA
1986;Homayoun@filiareD
1987;Josefine@filiareD
1988;Hubert@filiareD
1989;Joyce@filiareA
1990;Hud@filiareD
1991;Jua@filiareB
1992;Ignacy@filiareA
1993;Julia@filiareC
1994;Ikaia@filiareA
1995;Julie@filiareB
1996;Ilay@filiareC
1997;Juliet@filiareA
1998;Iliya@filiareA
1999;Juliette@filiareC
2000;Ilya@filiareB
2001;Juna@filiareA
2002;Ilyes@filiareC
2003;June@filiareB
2004;Imanuel@filiareD
2005;Junita@filiareB
2006;Imi@filiareD
2007;Juno@filiareB
2008;Immanuel@filiareC
2009;Jupiter@filiareD
2010;Imre@filiareD
2011;Kai@filiareA
2012;Ioan@filiareC
2013;Kai-Ying@filiareC
2014;Iruel@filiareB
2015;Kaia@filiareB
2016;Irving@filiareC
2017;Kalea@filiareC
2018;Isaac@filiareB
2019;Kalua@filiareB
2020;Isao@filiareB
2021;Kardelen@filiareD
2022;Ismael@filiareC
2023;Karen@filiareB
2024;Issa@filiareA
2025;Karin@filiareD
2026;Ivan@filiareD
2027;Karla@filiareB
2028;IvanoviÄ@filiareA
2029;Karlina@filiareC
2030;Ivar@filiareD
2031;Karola@filiareC
2032;Ivaylov@filiareC
2033;Karolin@filiareA
2034;Iven@filiareA
2035;Kathalea@filiareC
2036;Jackson@filiareB
2037;Katrin@filiareA
2038;Jacob@filiareD
2039;Kestra@filiareB
2040;Jaimy@filiareB
2041;Khaleesi@filiareB
2042;Jamiro@filiareA
2043;Kiki@filiareB
2044;Janardhan@filiareA
2045;Kim@filiareA
2046;Janos@filiareD
2047;Klaudia@filiareA
2048;Janus@filiareC
2049;Klio@filiareB
2050;Jarek@filiareC
2051;Korsgaard@filiareA
2052;Jarne@filiareA
2053;Krystyna@filiareA
2054;Jaron@filiareC
2055;KyrylÃ¬vna@filiareB
2056;Javier@filiareD
2057;Ladeyna@filiareA
2058;Jay@filiareC
2059;Lamia@filiareD
2060;Jean@filiareB
2061;Lamis@filiareC
2062;Jens@filiareD
2063;Larasati@filiareD
2064;Jerimah@filiareA
2065;Lavani@filiareA
2066;Jim@filiareB
2067;Lavinia@filiareB
2068;Jlai@filiareD
2069;Layla@filiareD
2070;Joan@filiareC
2071;Leentje@filiareA
2072;Jogi@filiareB
2073;Lenja@filiareA
2074;Jon@filiareA
2075;Leo@filiareA
2076;Jones@filiareC
2077;Leonora@filiareB
2078;Jonny@filiareD
2079;Lianyun@filiareA
2080;Joon@filiareA
2081;Liddy@filiareD
2082;Jordan@filiareD
2083;Liezel@filiareC
2084;Jorge@filiareA
2085;Liju@filiareB
2086;Joscha@filiareD
2087;Lila@filiareB
2088;Joschua@filiareB
2089;Lili@filiareB
2090;Jost@filiareC
2091;Lilith@filiareA
2092;Jules@filiareA
2093;Lilou@filiareC
2094;Junior@filiareC
2095;Lily@filiareB
2096;Juno@filiareC
2097;Linh@filiareC
2098;Justin@filiareD
2099;Linn@filiareA
2100;Justus@filiareA
2101;Linnea@filiareB
2102;JÃ¶rg@filiareC
2103;Liora@filiareC
2104;Kaihan@filiareD
2105;Lisa@filiareB
2106;Kalle@filiareB
2107;Lisbeth@filiareD
2108;Karl-Henry@filiareB
2109;Liseth@filiareD
2110;Kasimir@filiareC
2111;Livia@filiareB
2112;Kaspar@filiareA
2113;Livienne@filiareA
2114;Kasper@filiareC
2115;Ljubica@filiareD
2116;Kay@filiareC
2117;Lok-Hei@filiareD
2118;Kenan@filiareC
2119;Lolla@filiareD
2120;Kerem@filiareA
2121;Lorena@filiareA
2122;Kevin@filiareA
2123;Louve@filiareD
2124;Kiano@filiareA
2125;Love@filiareB
2126;Kim@filiareC
2127;Lu@filiareB
2128;Kiragorn@filiareC
2129;Lua@filiareB
2130;Kirill@filiareD
2131;Lucie@filiareD
2132;Klee@filiareC
2133;Lucy@filiareB
2134;Klemens@filiareA
2135;Lule@filiareB
2136;Knuth@filiareB
2137;Lusina@filiareD
2138;Kofi@filiareC
2139;Ly@filiareC
2140;Kolja@filiareD
2141;Lynette@filiareB
2142;Konstantinos@filiareD
2143;Lysanne@filiareB
2144;Kurt@filiareB
2145;Madeleine@filiareD
2146;Kwadjo@filiareC
2147;Madison@filiareA
2148;Kwasi@filiareC
2149;Mae@filiareB
2150;Ky@filiareD
2151;Maelle@filiareC
2152;Kyle@filiareB
2153;Mafalda@filiareC
2154;KyryloviÄ@filiareA
2155;Maia@filiareA
2156;Lamine@filiareA
2157;Maivi@filiareA
2158;Larry@filiareA
2159;Maj@filiareC
2160;Lauren@filiareA
2161;Makoto@filiareB
2162;Laurent@filiareB
2163;Maksimovna@filiareD
2164;Le@filiareB
2165;Malea@filiareA
2166;Leano@filiareD
2167;Malika@filiareB
2168;Lenn@filiareB
2169;Malisa@filiareB
2170;Lennox@filiareD
2171;Malka@filiareD
2172;Leolo@filiareC
2173;Malu@filiareD
2174;Leonas@filiareB
2175;MalÃ©n@filiareB
2176;Leonhard@filiareA
2177;Manao@filiareC
2178;Leonid@filiareB
2179;Mande@filiareB
2180;Leonidas@filiareA
2181;Manika@filiareC
2182;Levente@filiareD
2183;Manuela@filiareC
2184;Liano@filiareD
2185;Mara@filiareC
2186;Linden@filiareD
2187;Margareta@filiareD
2188;Lino@filiareD
2189;Margeaux@filiareB
2190;Linus@filiareC
2191;Margit@filiareA
2192;Lipa@filiareA
2193;Marguerite@filiareA
2194;Ljuba@filiareC
2195;Mari@filiareD
2196;Lok@filiareC
2197;Mariama@filiareA
2198;Lokman@filiareC
2199;Marieva@filiareB
2200;Lorean@filiareA
2201;Marilena@filiareC
2202;Lorenz@filiareC
2203;Marit@filiareC
2204;Loris@filiareA
2205;Marita@filiareB
2206;Lou@filiareC
2207;Marleen@filiareC
2208;Luan@filiareA
2209;Marlena@filiareB
2210;Lucian@filiareD
2211;Marta@filiareB
2212;Ludovico@filiareB
2213;Maryam@filiareD
2214;Ludowick@filiareC
2215;Marysol@filiareA
2216;Luigi@filiareA
2217;Masal@filiareA
2218;Luk@filiareA
2219;Matilda@filiareA
2220;Luka@filiareD
2221;Maxi@filiareB
2222;Lukas@filiareB
2223;Medine@filiareA
2224;Luke@filiareD
2225;Melek@filiareD
2226;Lutz@filiareB
2227;Melodie@filiareB
2228;Lyor@filiareB
2229;Melody@filiareC
2230;LÃ©an@filiareD
2231;Mera@filiareA
2232;LÃ©lio@filiareA
2233;Merle@filiareA
2234;LÃ¼tfÃ¼@filiareB
2235;Meryem@filiareC
2236;Mael@filiareB
2237;Mi-Ra@filiareB
2238;Maik@filiareA
2239;Michelle@filiareA
2240;Maitri@filiareC
2241;Mihriban@filiareC
2242;Mansong@filiareD
2243;Milla@filiareA
2244;Manuel@filiareC
2245;Millie@filiareB
2246;Marcel@filiareC
2247;Minna@filiareA
2248;Marcello@filiareB
2249;Mischa@filiareD
2250;Marek@filiareA
2251;Mohamed@filiareD
2252;Mariev@filiareC
2253;Má»¹@filiareC
2254;Maris@filiareA
2255;Nadezhdeva@filiareA
2256;Marius@filiareC
2257;Nadja@filiareA
2258;Mark@filiareA
2259;Nagini@filiareD
2260;Marley@filiareB
2261;Natalie@filiareA
2262;Marlon-Junior@filiareA
2263;Natascha@filiareB
2264;MasruroviÄ@filiareD
2265;Neelie@filiareA
2266;Massimo@filiareD
2267;Nela@filiareA
2268;Mateo@filiareB
2269;Nelani@filiareC
2270;Matheo@filiareA
2271;Nele@filiareC
2272;Mathia@filiareD
2273;Nesreen@filiareA
2274;Mathis@filiareA
2275;Nguyen@filiareD
2276;Mats@filiareB
2277;Ngá»c@filiareD
2278;Matthias@filiareC
2279;Nikol@filiareD
2280;MatthÃ¤us@filiareB
2281;Nikole@filiareD
2282;Mauritz@filiareD
2283;Nina@filiareD
2284;Maximus@filiareA
2285;Nini@filiareD
2286;Maxwell@filiareC
2287;Nittha@filiareD
2288;Mbaye@filiareD
2289;Noelle@filiareD
2290;Mencey@filiareA
2291;Noemi@filiareC
2292;Metin@filiareD
2293;Noor@filiareD
2294;Micheal@filiareC
2295;Nova@filiareB
2296;Michel@filiareB
2297;NoÃ©@filiareD
2298;Mihael@filiareC
2299;Nuran@filiareA
2300;Mihailov@filiareA
2301;Nuri@filiareD
2302;Mika@filiareA
2303;Nyarko@filiareA
2304;Mikael@filiareC
2305;Nzau@filiareB
2306;Mikail@filiareA
2307;Oda@filiareA
2308;Mikhail@filiareD
2309;Odine@filiareB
2310;Milian@filiareA
2311;Ohmine@filiareC
2312;Mino@filiareC
2313;OleksÃ¬Ã¯vna@filiareB
2314;Minyul@filiareB
2315;Olga@filiareD
2316;Mio@filiareA
2317;Oliv@filiareC
2318;Miras@filiareD
2319;Oliva@filiareA
2320;Miron@filiareA
2321;Olive@filiareC
2322;Misha@filiareA
2323;Omoyemwen@filiareB
2324;Mitja@filiareA
2325;Onyx@filiareB
2326;Mogli@filiareC
2327;Ophelia@filiareA
2328;Mohamad@filiareB
2329;Osama@filiareB
2330;Mohamed@filiareB
2331;Papaya@filiareA
2332;Moise@filiareD
2333;Parada@filiareB
2334;Monty@filiareD
2335;Persephone@filiareC
2336;Moriba@filiareB
2337;Persida@filiareB
2338;Moses@filiareA
2339;Phila@filiareA
2340;Mosis@filiareC
2341;Philia@filiareD
2342;Moussa@filiareC
2343;Philina@filiareD
2344;Muhammed@filiareC
2345;Philipa@filiareD
2346;Muhyiddin@filiareC
2347;Pia@filiareA
2348;Muniboth@filiareC
2349;Pippilotti@filiareB
2350;MykytoviÄ@filiareB
2351;Polina@filiareA
2352;Myumyun@filiareA
2353;Prisca@filiareA
2354;MÃ®rhat@filiareD
2355;Rachel@filiareB
2356;Nader@filiareC
2357;Rae@filiareA
2358;Nahme@filiareA
2359;Rafaela@filiareA
2360;Nandi@filiareA
2361;Rahel@filiareB
2362;Naol@filiareA
2363;Rami@filiareC
2364;Nartey@filiareD
2365;Ramona@filiareD
2366;Natan@filiareC
2367;Randa@filiareA
2368;Navid@filiareC
2369;Rani@filiareA
2370;Nedim@filiareC
2371;Renee@filiareB
2372;NehemÃ­as@filiareA
2373;Resi@filiareC
2374;Nemia@filiareB
2375;Rey@filiareD
2376;Neo@filiareB
2377;Riana@filiareC
2378;Nevdzhivan@filiareD
2379;Rita@filiareA
2380;Nghia@filiareA
2381;Robin@filiareB
2382;Ngugi@filiareD
2383;Roketi@filiareA
2384;Nguyen@filiareC
2385;Rokhaya@filiareB
2386;Niam@filiareC
2387;RomanÃ¬vna@filiareB
2388;Niaz@filiareD
2389;Rosi@filiareD
2390;Nicklas@filiareD
2391;Rubi@filiareD
2392;Nielas@filiareB
2393;Runa@filiareD
2394;Nikita@filiareB
2395;Sabine@filiareB
2396;Nils@filiareA
2397;Sahra@filiareD
2398;Nino@filiareC
2399;Salma@filiareB
2400;Nirvan@filiareD
2401;Salome@filiareA
2402;Njue@filiareD
2403;SalomÃ©@filiareD
2404;Nkosi@filiareD
2405;Salwa@filiareA
2406;Noa@filiareD
2407;Samantha@filiareB
2408;Nooa@filiareA
2409;Samira@filiareB
2410;Noor@filiareD
2411;Sandra@filiareA
2412;Noyan@filiareA
2413;Sarina@filiareA
2414;Ocean@filiareC
2415;Scarlett@filiareC
2416;Odin@filiareA
2417;Selma@filiareB
2418;Ofuka@filiareB
2419;Sena@filiareB
2420;Olav@filiareA
2421;Seo-Hee@filiareC
2422;OleksandroviÄ@filiareB
2423;Serena@filiareD
2424;Omid@filiareA
2425;Sezent@filiareB
2426;Onno@filiareA
2427;Shenandoah@filiareA
2428;Orhan@filiareB
2429;Signe@filiareA
2430;Orhanov@filiareB
2431;Silvana@filiareA
2432;Orion@filiareC
2433;Silvia@filiareD
2434;Osamah@filiareB
2435;Simone@filiareC
2436;Oscar@filiareB
2437;Sirin@filiareC
2438;Parin@filiareA
2439;Sofija@filiareA
2440;Pascal@filiareC
2441;Sole@filiareD
2442;Patel@filiareC
2443;Solveig@filiareD
2444;Patrice@filiareD
2445;Soni@filiareB
2446;Peer@filiareD
2447;StanislavÃ¬vna@filiareC
2448;Percy@filiareA
2449;Stephanie@filiareD
2450;Perikles@filiareB
2451;Subahi@filiareB
2452;Petje@filiareD
2453;Subeida@filiareC
2454;PetroviÄ@filiareA
2455;Sultan@filiareC
2456;Philian@filiareA
2457;Sunhay@filiareC
2458;Philippe@filiareA
2459;Sunitova@filiareA
2460;Picardo@filiareD
2461;Sure@filiareA
2462;Pietro@filiareA
2463;Susanne@filiareD
2464;Pilou@filiareC
2465;Susu@filiareB
2466;Pino@filiareB
2467;Tamar@filiareD
2468;Piotr@filiareB
2469;Tamara@filiareD
2470;Quintus@filiareC
2471;Tammi@filiareA
2472;Quirin@filiareD
2473;Thalia@filiareC
2474;Radev@filiareB
2475;Tharagai@filiareB
2476;Rahim@filiareA
2477;Therese@filiareA
2478;Ramiz@filiareD
2479;Theresia@filiareC
2480;Rangsiman@filiareA
2481;Thida@filiareC
2482;Raouf@filiareC
2483;Tilda@filiareC
2484;RaphaÃ«l@filiareB
2485;Timofeevna@filiareD
2486;Rayan@filiareA
2487;Tina@filiareA
2488;Ren@filiareB
2489;Tiril@filiareC
2490;Rian@filiareB
2491;Toma@filiareD
2492;Rio@filiareB
2493;Tora@filiareD
2494;Riyadh@filiareC
2495;Tracy@filiareB
2496;RomanoviÄ@filiareB
2497;Ufuoma@filiareB
2498;Ruben@filiareD
2499;Umi@filiareB
2500;Rudolph@filiareA
2501;Unica@filiareA
2502;Saba@filiareA
2503;Vahagn@filiareD
2504;Sameh@filiareB
2505;Vaia@filiareC
2506;Samer@filiareB
2507;Valentine@filiareA
2508;Samu@filiareB
2509;Valeria@filiareC
2510;Santi@filiareC
2511;Valerie@filiareA
2512;Santiano@filiareD
2513;Valeska@filiareD
2514;Santino@filiareC
2515;VasilÃ¬vna@filiareB
2516;Sebastian@filiareC
2517;Verena@filiareB
2518;Sedat@filiareB
2519;Veronica@filiareC
2520;Selmir@filiareB
2521;Veya@filiareC
2522;Seojun@filiareA
2523;Vida@filiareC
2524;Serdal@filiareA
2525;Vilai@filiareC
2526;Seref@filiareB
2527;Viola@filiareC
2528;Sevastian@filiareB
2529;Virginia@filiareA
2530;Shahin@filiareD
2531;Virginie@filiareB
2532;Shervin@filiareC
2533;Walburga@filiareD
2534;ShokhimardonoviÄ@filiareC
2535;Wanda@filiareC
2536;Siegfried@filiareA
2537;Wanjiru@filiareC
2538;Soan@filiareB
2539;Woo@filiareB
2540;Sofian@filiareC
2541;Xanthi@filiareA
2542;Soul@filiareC
2543;Xinya@filiareB
2544;Stathis@filiareB
2545;Xiyue@filiareC
2546;Stephan@filiareA
2547;Yadav@filiareC
2548;Steven@filiareC
2549;Yade@filiareA
2550;Suheil@filiareD
2551;Yaminah@filiareA
2552;Sultan@filiareD
2553;Yang@filiareD
2554;Sunny@filiareD
2555;Yankova@filiareA
2556;Sven@filiareB
2557;Yansanya@filiareC
2558;SÃ©bastien@filiareA
2559;Yasmin@filiareA
2560;Taave@filiareC
2561;Yeboah@filiareA
2562;Taavi@filiareB
2563;Yegvenia@filiareB
2564;Taddeus@filiareB
2565;Yen-Lin@filiareD
2566;Tadeus@filiareA
2567;Yi-Ting@filiareA
2568;Tadeusz@filiareC
2569;Yvonne@filiareD
2570;Tahir@filiareB
2571;Zara@filiareD
2572;Tai@filiareB
2573;Zazou@filiareD
2574;Taiga@filiareC
2575;Zeinab@filiareD
2576;Talha@filiareC
2577;Zelda@filiareB
2578;Talu@filiareD
2579;Zenobia@filiareA
2580;Tamme@filiareB
2581;Zinedine@filiareA
2582;Tanju@filiareA
2583;Zola@filiareB
2584;Tanmay@filiareD
2585;Ãine@filiareD
2586;Tassilo@filiareB
2587;Ã‚n@filiareD
2588;Tenzin@filiareC
2589;Ã‰milie@filiareD
2590;Teoman@filiareD
2591;Terrance@filiareC
2592;Thales@filiareB
2593;Thanh@filiareD
2594;Theseus@filiareA
2595;Thies@filiareC
2596;ThÃ©o@filiareD
2597;Tianrui@filiareA
2598;Tiga@filiareC
2599;Tillmann@filiareC
2600;TimothÃ©@filiareD
2601;Timur@filiareD
2602;Titus@filiareA
2603;Toghrul@filiareC
2604;Tom@filiareA
2605;Tomi@filiareB
2606;TomÃ¡s@filiareA
2607;Toni@filiareC
2608;Toufik@filiareA
2609;Tran@filiareA
2610;Tri-Khang@filiareD
2611;Tyler@filiareA
2612;Udochi@filiareD
2613;Ulrich@filiareD
2614;Umair@filiareC
2615;Umut@filiareD
2616;Uriel@filiareC
2617;ValentÃ­n@filiareA
2618;Valer'eviÄ@filiareB
2619;Valerian-Gerard@filiareC
2620;Varian@filiareC
2621;Varma@filiareA
2622;Vasile@filiareA
2623;Vasilije@filiareC
2624;Ventura@filiareA
2625;Victor@filiareC
2626;Viet@filiareC
2627;Vin@filiareB
2628;Vito@filiareC
2629;Vitus@filiareA
2630;Volker@filiareD
2631;VsevolodoviÄ@filiareA
2632;Walid@filiareA
2633;Wanja@filiareA
2634;Werner@filiareA
2635;Wilfried@filiareB
2636;Willian@filiareA
2637;Wincenty@filiareA
2638;Wito@filiareC
2639;Yago@filiareC
2640;Yahya@filiareD
2641;Yair@filiareC
2642;Yakup@filiareC
2643;Yaman@filiareB
2644;Yang@filiareB
2645;Yannis@filiareC
2646;Yanyi@filiareC
2647;Yasir@filiareC
2648;YaÄŸiz@filiareA
2649;Yoshi@filiareC
2650;Yoshua@filiareD
2651;Yousuf@filiareA
2652;Yuankang@filiareA
2653;Yue@filiareB
2654;Yunseong@filiareB
2655;Yves@filiareC
2656;Zayan@filiareD
2657;Zayne@filiareB
2658;Zbigniew@filiareB
2659;Zerui@filiareC
2660;Zidane@filiareA
2661;Zilin@filiareB
2662;Ziya@filiareA
2663;Zuma@filiareC
2664;Ã‰van@filiareA
2665;Ã–zcan@filiareC
2666;ÅžÃªr@filiareA
2667;È˜tefan@filiareA
2668;Aadhesh@filiareD
2669;Aarav@filiareA
2670;Aariv@filiareB
2671;Aaron-Andreas@filiareB
2672;Abdelhadi@filiareB
2673;Aarvi@filiareC
2674;Abdelkader@filiareA
2675;Adela@filiareA
2676;Achilleas@filiareC
2677;Adele@filiareC
2678;Adam-Sultan@filiareB
2679;Adeline@filiareC
2680;Adi@filiareC
2681;Adhya@filiareC
2682;Adnan@filiareC
2683;Afina@filiareD
2684;Adonis@filiareD
2685;Aglaia@filiareC
2686;Adriel@filiareA
2687;Aglaya@filiareA
2688;Agastya@filiareD
2689;Ahana@filiareB
2690;Agim@filiareB
2691;Aidel@filiareC
2692;Ahmet@filiareC
2693;Aili@filiareA
2694;Ahmet-Arif@filiareA
2695;Ain@filiareB
2696;Aiden@filiareD
2697;Aishwarya@filiareC
2698;Ajan@filiareA
2699;Aivi@filiareD
2700;Aker@filiareC
2701;Aiyana@filiareB
2702;Akin@filiareB
2703;Ajla@filiareC
2704;AkÄ±n@filiareB
2705;Ajlina@filiareA
2706;Akinfolarin@filiareC
2707;Ajsa@filiareA
2708;Akram@filiareA
2709;Akela@filiareC
2710;Alaa@filiareD
2711;Akira@filiareA
2712;Alan@filiareC
2713;Alani@filiareD
2714;Alden@filiareC
2715;Aleena@filiareD
2716;Aleksander@filiareB
2717;Alejandra@filiareB
2718;Aleksey@filiareC
2719;Alena@filiareD
2720;Alessandro@filiareB
2721;Alenja@filiareB
2722;Alexander-Liam@filiareD
2723;Alexia@filiareA
2724;Alexandre@filiareB
2725;Aleyna@filiareC
2726;Alexandros@filiareA
2727;Alia@filiareC
2728;Alexis@filiareB
2729;Alicja@filiareC
2730;Alfred@filiareB
2731;Alin@filiareB
2732;Alfred-James@filiareB
2733;Alina-Marie@filiareA
2734;Alhassane@filiareA
2735;Aline@filiareC
2736;Ali-Sami@filiareB
2737;Alissia@filiareD
2738;Almin@filiareB
2739;Alisya@filiareB
2740;Almos@filiareD
2741;Aliyah@filiareB
2742;Alon@filiareA
2743;Aliye@filiareD
2744;Alouis@filiareD
2745;Allegra@filiareC
2746;Alp@filiareA
2747;Allegra-Shalom@filiareC
2748;Alpay@filiareB
2749;Almila@filiareA
2750;Altay@filiareD
2751;Alyara@filiareA
2752;Aluj@filiareC
2753;Alyssia@filiareC
2754;Alvar@filiareA
2755;Amalie@filiareB
2756;Amadou@filiareB
2757;Amalya-Malak@filiareD
2758;Aman@filiareB
2759;Amana@filiareB
2760;Amari@filiareA
2761;Amanda@filiareB
2762;Ami@filiareA
2763;Amaya@filiareC
2764;Amias@filiareD
2765;Amber@filiareC
2766;Amin@filiareC
2767;Amei@filiareA
2768;Amiran@filiareB
2769;Amela@filiareB
2770;Ander@filiareA
2771;Amila@filiareC
2772;Anels@filiareD
2773;Amna@filiareA
2774;Anis@filiareC
2775;Amne@filiareB
2776;Ansgar@filiareB
2777;AmÃ©lie@filiareB
2778;Ante@filiareD
2779;An@filiareB
2780;Antonin@filiareC
2781;Anastasija@filiareD
2782;Antonio@filiareD
2783;Anaya@filiareA
2784;Apollon@filiareB
2785;Angela@filiareD
2786;Aram@filiareA
2787;Anika@filiareD
2788;Arbel@filiareB
2789;Aniko@filiareB
2790;Archange@filiareD
2791;Anita@filiareC
2792;Arda@filiareA
2793;Anka@filiareC
2794;Ardan@filiareA
2795;Anli@filiareD
2796;Ardian@filiareC
2797;Anna-Helene@filiareA
2798;Arel@filiareA
2799;Anna-Olia@filiareC
2800;Aren@filiareC
2801;Annabel@filiareA
2802;Ari@filiareB
2803;Annabella@filiareD
2804;Arik@filiareC
2805;Annabelle-Jolie@filiareC
2806;Arinjay@filiareC
2807;Annalotta@filiareD
2808;Ariyan@filiareC
2809;Annelie@filiareD
2810;Arjun@filiareB
2811;Annetje@filiareB
2812;Arlo@filiareC
2813;Annett@filiareA
2814;Arnold@filiareC
2815;Annie@filiareA
2816;Aron@filiareD
2817;Antonina@filiareC
2818;Arsenije@filiareD
2819;Anuka@filiareB
2820;Arto@filiareD
2821;Areen@filiareB
2822;Arttu@filiareC
2823;Ariadne@filiareA
2824;Aryan@filiareB
2825;Ariane@filiareC
2826;Aslan@filiareA
2827;Ariett@filiareB
2828;Assem@filiareD
2829;Arijela@filiareB
2830;Atakan@filiareD
2831;Aris@filiareD
2832;Ates@filiareA
2833;Armanda@filiareD
2834;Atlantic@filiareA
2835;Arsa@filiareD
2836;Augustin@filiareB
2837;Arta@filiareA
2838;Aurel@filiareB
2839;Artemis@filiareA
2840;Aurilio@filiareC
2841;Aseel@filiareD
2842;Avi@filiareB
2843;Ashna@filiareB
2844;Avid@filiareA
2845;Asija@filiareB
2846;Avner@filiareA
2847;AslÄ±@filiareC
2848;Ayaan@filiareB
2849;Assal@filiareB
2850;Aybars@filiareB
2851;Audrey@filiareD
2852;Ayen@filiareC
2853;Auguste@filiareC
2854;Ayo@filiareD
2855;Aurelia-Seraphin@filiareC
2856;Ayxan@filiareB
2857;AurÃ©lie@filiareB
2858;Aziz@filiareD
2859;Ava-Emilia@filiareB
2860;Azriel@filiareB
2861;Avelyn@filiareC
2862;Bahta@filiareD
2863;Aviva@filiareA
2864;Bao@filiareC
2865;Aya@filiareD
2866;Basel@filiareB
2867;Ayana@filiareD
2868;Bayan@filiareB
2869;Ayana-Mia@filiareB
2870;Beka@filiareD
2871;Ayat@filiareC
2872;Bekir@filiareC
2873;Ayumi@filiareD
2874;Belal@filiareB
2875;AyÃ§a@filiareC
2876;Benaiah@filiareB
2877;AyÃ©n@filiareD
2878;Benan@filiareD
2879;Bailasan@filiareB
2880;Bene@filiareD
2881;Baya@filiareC
2882;Benedek@filiareD
2883;Beara@filiareA
2884;Benedikt@filiareB
2885;Beatriz@filiareA
2886;Benjin@filiareC
2887;BegoÃ±a@filiareC
2888;Bennett@filiareB
2889;Belinay@filiareB
2890;Benno@filiareC
2891;Belinda@filiareB
2892;Bent@filiareB
2893;Bente@filiareD
2894;Bento@filiareC
2895;Berfin@filiareA
2896;Berat@filiareB
2897;Bianca@filiareA
2898;Berkan@filiareD
2899;Billie@filiareC
2900;Bernhard@filiareA
2901;Binka@filiareC
2902;Bjarne@filiareD
2903;BiÄ‡h@filiareC
2904;BjÃ¶rn@filiareA
2905;Boning@filiareB
2906;Bodhi@filiareB
2907;Briella@filiareA
2908;Bodo@filiareC
2909;Caitlyn@filiareD
2910;Bojan@filiareD
2911;Camille@filiareB
2912;Boris@filiareC
2913;Carlie@filiareC
2914;Bosco@filiareB
2915;Caroline@filiareC
2916;Bosse@filiareC
2917;Cassidy@filiareD
2918;Botho@filiareB
2919;Cathalia@filiareB
2920;Brayan@filiareC
2921;Cathalina@filiareB
2922;Brimah@filiareC
2923;Cathalyna@filiareD
2924;Buna@filiareD
2925;Cato@filiareC
2926;BuÄŸra@filiareC
2927;Cecilia@filiareB
2928;BÃ©la@filiareD
2929;Celin@filiareC
2930;Caleb@filiareD
2931;Celina@filiareC
2932;Calixte@filiareA
2933;Celine@filiareD
2934;Caner@filiareB
2935;Ceyla@filiareA
2936;Casimir@filiareD
2937;Ceylan@filiareC
2938;Cassim@filiareA
2939;Ceylan-Alla@filiareD
2940;Castiel@filiareA
2941;Che@filiareB
2942;Cayden@filiareD
2943;ChloÃ©@filiareA
2944;Cedric@filiareB
2945;Coco@filiareD
2946;Cenk-Osman@filiareC
2947;Constanza@filiareA
2948;Cesur@filiareC
2949;Cydra@filiareB
2950;Cezar-Ieremia@filiareB
2951;Dafina-Grace@filiareC
2952;Chan@filiareC
2953;Dalal@filiareA
2954;Charles@filiareA
2955;Damla@filiareA
2956;Christopher@filiareC
2957;Dana@filiareB
2958;Cinar@filiareB
2959;Daniela@filiareB
2960;Cirino@filiareC
2961;Daphna@filiareB
2962;Cody@filiareA
2963;Darya@filiareC
2964;Collin@filiareC
2965;Delanie@filiareC
2966;Cosmin@filiareA
2967;Delphine@filiareD
2968;Cris@filiareA
2969;Denisa@filiareD
2970;Cyrus@filiareA
2971;Deniz@filiareB
2972;Damiano@filiareC
2973;Destany@filiareD
2974;Damir@filiareD
2975;Dia@filiareB
2976;Damun@filiareC
2977;Dina@filiareC
2978;Dante@filiareB
2979;Dinh@filiareB
2980;Daris@filiareA
2981;Donna@filiareB
2982;Darko@filiareB
2983;Dora@filiareA
2984;Darnell@filiareB
2985;Dorra@filiareB
2986;Davud@filiareC
2987;Dzejna@filiareA
2988;Dayyan@filiareB
2989;DÃ©lice@filiareD
2990;Dejvid@filiareC
2991;Eda@filiareB
2992;Demir@filiareA
2993;Edana@filiareD
2994;Deniro@filiareA
2995;Edith@filiareB
2996;Derman@filiareA
2997;Efie@filiareC
2998;Devon@filiareD
2999;Efsun@filiareD
3000;Dima@filiareC
3001;Efsun-Ela@filiareA
3002;Dimitar@filiareC
3003;Eftelya@filiareA
3004;DionysÃ­os-Rafael@filiareB
3005;Ejona@filiareA
3006;Dirk@filiareA
3007;Ekaterina-Emma@filiareB
3008;Divine@filiareD
3009;Elaine@filiareC
3010;Diyaan@filiareD
3011;Elba@filiareA
3012;Diyan@filiareA
3013;Eleanora@filiareD
3014;Diyo@filiareD
3015;Eleanore@filiareD
3016;Dmitri@filiareA
3017;Eleni@filiareA
3018;Dov@filiareA
3019;Elenia@filiareC
3020;Dries@filiareA
3021;Elenor@filiareD
3022;Duc@filiareB
3023;Elenya@filiareC
3024;Dulijano@filiareC
3025;Eleyna@filiareB
3026;Dunamis@filiareD
3027;Eli@filiareC
3028;DuÅ¡ko@filiareA
3029;Elianne@filiareC
3030;Dzhesur@filiareA
3031;Elijana@filiareC
3032;Edan@filiareD
3033;Eliora@filiareD
3034;Eddi@filiareD
3035;Elisija@filiareA
3036;Eddie@filiareC
3037;Eliza@filiareD
3038;Ede@filiareC
3039;Elizabella@filiareA
3040;Edis-ThÃ©on@filiareA
3041;Eljessa@filiareC
3042;Ediz@filiareD
3043;Ellen@filiareC
3044;Ediz-Mergen@filiareD
3045;Elma@filiareA
3046;Eduardo@filiareC
3047;Elodie@filiareC
3048;Edward@filiareB
3049;Emelie@filiareC
3050;Efe@filiareB
3051;Emiko@filiareA
3052;Egehan@filiareA
3053;Emilya@filiareB
3054;Egon@filiareA
3055;Emine@filiareD
3056;Eitan@filiareD
3057;Emma-Zofia@filiareB
3058;Elay@filiareC
3059;Emmanuelle@filiareD
3060;Elder@filiareB
3061;Emmeline@filiareC
3062;Eleano@filiareB
3063;Ena@filiareB
3064;Eliah@filiareC
3065;Eniko@filiareD
3066;Elias-Said@filiareD
3067;Enne@filiareB
3068;Elija@filiareA
3069;Enora@filiareA
3070;Elino@filiareD
3071;Era@filiareB
3072;Elios@filiareA
3073;Erica@filiareB
3074;Elis@filiareA
3075;Erika@filiareD
3076;Elisei@filiareA
3077;Erin@filiareB
3078;Elliott@filiareB
3079;Erna@filiareD
3080;Elmar@filiareC
3081;Ernestine@filiareD
3082;Elmin@filiareD
3083;Esenia@filiareD
3084;Elon@filiareD
3085;Esil@filiareB
3086;Elyabel@filiareB
3087;Esma@filiareA
3088;Emad@filiareA
3089;Esra@filiareD
3090;Emilien@filiareB
3091;Esraa@filiareD
3092;Emmanuel@filiareD
3093;Estelle@filiareB
3094;Emre@filiareA
3095;Eugenia@filiareC
3096;Eneas@filiareB
3097;Eva-Marlen@filiareD
3098;Engin@filiareB
3099;Eve@filiareD
3100;Enlil@filiareD
3101;Evelyn@filiareD
3102;Enon@filiareA
3103;Evita@filiareD
3104;Enyo@filiareA
3105;EvÃ®n@filiareB
3106;Eray@filiareA
3107;EylÃ¼l@filiareB
3108;Erich@filiareD
3109;Feirus@filiareB
3110;ErtuÄŸrul@filiareB
3111;Felicitas@filiareB
3112;Erwin@filiareC
3113;Felina@filiareA
3114;Ethan@filiareC
3115;Feline@filiareC
3116;Etienne@filiareB
3117;Felisia@filiareD
3118;Ettore@filiareB
3119;Felizia@filiareD
3120;Even@filiareC
3121;Fenja@filiareB
3122;Evren@filiareB
3123;Fenne@filiareB
3124;Eyad@filiareC
3125;Feyza@filiareA
3126;Eytan@filiareC
3127;Fieda@filiareA
3128;Ezan@filiareA
3129;Fikreta@filiareA
3130;Ezra@filiareA
3131;Filomena@filiareB
3132;Fadi@filiareC
3133;Fine@filiareA
3134;Fahed@filiareB
3135;Fiona-Lara@filiareA
3136;Farid@filiareC
3137;Fjola@filiareC
3138;Faris@filiareB
3139;Florence@filiareC
3140;Feanor@filiareC
3141;Florentine@filiareD
3142;Felin@filiareB
3143;Florica@filiareB
3144;Felipe@filiareD
3145;Frances@filiareC
3146;FeramÃ¼z@filiareD
3147;Franka@filiareC
3148;Ferdows@filiareC
3149;Freeha@filiareA
3150;Feyzo@filiareD
3151;Freja-Hannah@filiareD
3152;Fidelis@filiareA
3153;Fritzie@filiareC
3154;Filian@filiareD
3155;Gabriella@filiareC
3156;Filipe@filiareA
3157;Gaby@filiareB
3158;Filippo@filiareA
3159;Georgia@filiareB
3160;Filippos@filiareD
3161;Gerda@filiareB
3162;Finnian@filiareC
3163;Gergana@filiareB
3164;Fjell@filiareC
3165;Gesa@filiareC
3166;Florin@filiareD
3167;Gianella@filiareD
3168;Floyd@filiareC
3169;Gilana@filiareB
3170;Flynn@filiareD
3171;Ginevra@filiareD
3172;Forat@filiareC
3173;Gioia@filiareD
3174;Franciszek@filiareB
3175;Giorgia@filiareC
3176;Franziskus@filiareB
3177;Giselle@filiareD
3178;Freddy@filiareD
3179;Gita@filiareC
3180;Friedo@filiareC
3181;Giuliana@filiareA
3182;Fulk@filiareD
3183;Gloria@filiareB
3184;Fulvio@filiareD
3185;Grace@filiareA
3186;Gabriel-HonorÃ©@filiareB
3187;Gretchen@filiareA
3188;Galahad@filiareD
3189;GÃ¼listan@filiareD
3190;Gassem@filiareC
3191;Haily@filiareA
3192;George@filiareB
3193;Hanadi@filiareD
3194;German@filiareC
3195;Harper@filiareA
3196;Giacomo@filiareC
3197;Hatice@filiareD
3198;Gilbert@filiareD
3199;Havin@filiareD
3200;Gioele@filiareD
3201;Hayah@filiareC
3202;Gramoz@filiareB
3203;Haylie@filiareA
3204;Gregory@filiareC
3205;Hazal@filiareC
3206;Grigorij@filiareC
3207;Hedda@filiareA
3208;Guangchen@filiareD
3209;Hedy@filiareA
3210;Gunnar@filiareA
3211;Helin@filiareC
3212;Guntram@filiareA
3213;HelÃ®n@filiareC
3214;Gustavo@filiareD
3215;Henrietta@filiareC
3216;GÃ¼ven@filiareD
3217;Henrike@filiareA
3218;Hadi@filiareD
3219;Hettie@filiareD
3220;Hakeem@filiareD
3221;Heval@filiareB
3222;Hakim@filiareD
3223;Hevin@filiareB
3224;Hakuren@filiareD
3225;Heviya@filiareB
3226;Hamza-Mufid@filiareC
3227;Hilda@filiareC
3228;Hans@filiareC
3229;Hilde@filiareD
3230;Hardy@filiareD
3231;Hira@filiareD
3232;Hauke@filiareB
3233;Holda@filiareC
3234;Hayk@filiareB
3235;Holli@filiareD
3236;Hedi@filiareA
3237;Ä°kranur@filiareD
3238;Hektor@filiareA
3239;Ilay@filiareB
3240;Helge@filiareB
3241;Ä°lay@filiareA
3242;Hendrik@filiareA
3243;Ileana@filiareA
3244;Henning@filiareA
3245;Iliana-Eleni@filiareA
3246;Henning-Phileas@filiareB
3247;Ilva@filiareD
3248;Hermann@filiareC
3249;Ilyana@filiareD
3250;Hichem@filiareD
3251;Iman@filiareC
3252;Hilmar@filiareD
3253;Ina@filiareA
3254;Horacy@filiareA
3255;Inara@filiareB
3256;Hota@filiareC
3257;Inas@filiareC
3258;Hussein@filiareD
3259;Inga@filiareC
3260;Há»“@filiareB
3261;Ingvild@filiareB
3262;Ibaka@filiareA
3263;Iolanthi@filiareD
3264;Ibrahima@filiareA
3265;Iona@filiareA
3266;Idan@filiareB
3267;Ira@filiareC
3268;Idris@filiareD
3269;Irene@filiareD
3270;Iisa@filiareD
3271;Irma@filiareA
3272;Ilay@filiareD
3273;Isa@filiareA
3274;IlaÃ¯@filiareD
3275;Isabell@filiareA
3276;Ilham@filiareA
3277;Isabelle@filiareD
3278;Ilia@filiareB
3279;Ise@filiareD
3280;Ä°lia@filiareB
3281;Iulia@filiareC
3282;Ilias@filiareD
3283;Iulianiya@filiareA
3284;Ilijas@filiareB
3285;Ivana@filiareC
3286;Ilirian@filiareD
3287;Ivanna@filiareD
3288;Iljas@filiareB
3289;Ivie@filiareA
3290;Illyrian@filiareC
3291;Izabella@filiareA
3292;Ilya@filiareD
3293;Izzabella@filiareC
3294;Ilyan@filiareA
3295;Jaane@filiareD
3296;Ä°lyan@filiareC
3297;Jamilia@filiareD
3298;Ion@filiareB
3299;Janal@filiareB
3300;Ionas@filiareD
3301;Janna@filiareB
3302;Isa@filiareC
3303;Janne@filiareC
3304;Isaac-Noel@filiareB
3305;Jasha@filiareA
3306;Isay@filiareB
3307;Jessica@filiareA
3308;Ishaq@filiareB
3309;Jette@filiareC
3310;Ishchan@filiareD
3311;Jiayue@filiareC
3312;Iskren@filiareA
3313;Jiyan@filiareB
3314;Ismael@filiareD
3315;Jocye@filiareA
3316;Issa@filiareB
3317;Joella@filiareB
3318;Issah@filiareB
3319;Joleen@filiareD
3320;Ivar@filiareD
3321;Jolina@filiareA
3322;Ivo@filiareD
3323;Jona@filiareD
3324;Izaak@filiareA
3325;Jonna@filiareD
3326;Jad@filiareA
3327;Joulie@filiareD
3328;Jadon-Mateo@filiareC
3329;Jouline@filiareA
3330;Jahvis@filiareD
3331;Jovana@filiareC
3332;Jakov@filiareB
3333;Joyce@filiareD
3334;Jaleel@filiareA
3335;Juli@filiareA
3336;Jamal@filiareC
3337;Juliane@filiareB
3338;Jannik@filiareA
3339;Juliette@filiareD
3340;Jano@filiareB
3341;Julija@filiareB
3342;Jaron@filiareB
3343;Julika@filiareC
3344;Jascha@filiareC
3345;Julina@filiareC
3346;Jawad@filiareC
3347;Junita@filiareA
3348;Jean@filiareB
3349;Juwairiya@filiareB
3350;Jerick@filiareB
3351;Kajsa@filiareD
3352;Jermaine@filiareD
3353;Kalea@filiareD
3354;Jibril@filiareA
3355;Kamar@filiareC
3356;Jihad@filiareB
3357;Kara@filiareD
3358;Jim@filiareA
3359;KaraÃ§a@filiareC
3360;Jimit@filiareB
3361;Karina@filiareA
3362;Joa@filiareD
3363;Karolina@filiareA
3364;Joah@filiareB
3365;Kassandra@filiareB
3366;Joakim@filiareC
3367;Katayoun@filiareD
3368;Joan@filiareA
3369;Katharina@filiareD
3370;Joas@filiareD
3371;Kaya@filiareA
3372;Joe@filiareC
3373;Keara@filiareC
3374;Jonis@filiareC
3375;Khadija@filiareA
3376;Jonte@filiareB
3377;Khady@filiareA
3378;Jori@filiareC
3379;Kháº£@filiareD
3380;Joschua@filiareD
3381;Kiara@filiareA
3382;Josef-Osman@filiareC
3383;Kim@filiareA
3384;Josh@filiareC
3385;Kimi@filiareB
3386;Jost@filiareC
3387;Kisha@filiareC
3388;Joubin@filiareA
3389;Kisu@filiareD
3390;Julez@filiareD
3391;Klara-Maria@filiareA
3392;Junes@filiareB
3393;Kriti@filiareB
3394;Jurij@filiareD
3395;Kruna@filiareB
3396;Kadir@filiareC
3397;Laetitia@filiareD
3398;Kai@filiareA
3399;Lale@filiareC
3400;Kais@filiareA
3401;Lamija@filiareB
3402;Kajetan@filiareB
3403;Larine@filiareD
3404;Kaleo@filiareA
3405;Lark@filiareB
3406;Kalle@filiareC
3407;Lauren@filiareD
3408;Kamil@filiareD
3409;Lazara@filiareA
3410;Kamin@filiareC
3411;Leana@filiareA
3412;Karan@filiareD
3413;Leela@filiareD
3414;Karel@filiareA
3415;Leerke@filiareA
3416;Karl-Gustav@filiareC
3417;Leia-Amelia@filiareD
3418;Kasim@filiareA
3419;Leila@filiareB
3420;Kasimir@filiareA
3421;Leilani@filiareA
3422;Kaspar@filiareD
3423;Lelah@filiareD
3424;Kasper@filiareC
3425;Lenka@filiareB
3426;Kayra@filiareC
3427;Lennja@filiareB
3428;Keenan@filiareB
3429;Lenora@filiareC
3430;Kelvin@filiareA
3431;Lenya@filiareB
3432;Kerim@filiareB
3433;Leonor@filiareA
3434;Keyan@filiareD
3435;Leonora@filiareC
3436;Keywan@filiareA
3437;Leonore@filiareC
3438;Khaled@filiareA
3439;Leora@filiareC
3440;Khalil@filiareD
3441;Leticia@filiareA
3442;Khamzat@filiareC
3443;Levina@filiareC
3444;Khang-Hy@filiareB
3445;Leyan@filiareC
3446;Kieran@filiareD
3447;Leyla@filiareD
3448;Kingsley@filiareD
3449;Leynie@filiareD
3450;Kirk@filiareA
3451;Liana@filiareD
3452;Kivanc@filiareA
3453;Libby@filiareC
3454;Kolja@filiareB
3455;Lida@filiareA
3456;Koray@filiareD
3457;Lien@filiareB
3458;Kristoff@filiareD
3459;Lija@filiareA
3460;Kutay@filiareA
3461;Lilas@filiareA
3462;Kyan@filiareD
3463;Lilian@filiareB
3464;Kylian@filiareA
3465;Lillia@filiareA
3466;Kyrie@filiareC
3467;Lily@filiareB
3468;Labib@filiareB
3469;Linah@filiareC
3470;Laith@filiareC
3471;Line@filiareB
3472;Lamine@filiareC
3473;Linea@filiareB
3474;Lanis@filiareA
3475;Liska@filiareD
3476;Laszlo@filiareA
3477;Liyana@filiareC
3478;Lauren@filiareC
3479;Loa@filiareA
3480;Laurentin@filiareC
3481;London@filiareD
3482;Laurin@filiareD
3483;Loredana@filiareB
3484;Leandro@filiareC
3485;Lorelai@filiareD
3486;Leandros@filiareA
3487;Loresa@filiareD
3488;Lear@filiareA
3489;Loressa@filiareB
3490;Leevi@filiareD
3491;Louane@filiareA
3492;Leeyo@filiareD
3493;Loulia@filiareA
3494;Lejs@filiareC
3495;Luana@filiareA
3496;Lelio@filiareD
3497;Luana-Rose@filiareB
3498;Lenn@filiareC
3499;Lucie@filiareC
3500;Lenni@filiareA
3501;LucÃ­a@filiareA
3502;Lennox@filiareC
3503;Luka@filiareD
3504;Leonid@filiareA
3505;Luming@filiareA
3506;Leontin@filiareA
3507;Luuna@filiareD
3508;Leriko@filiareA
3509;Luzy@filiareC
3510;Levan@filiareC
3511;Lya@filiareC
3512;Levent@filiareA
3513;Lydia@filiareC
3514;Levente@filiareA
3515;Lyra@filiareA
3516;Levian@filiareD
3517;Lysan@filiareA
3518;Lijan@filiareC
3519;Maddi@filiareA
3520;Lior@filiareA
3521;Madelyn@filiareB
3522;Lir@filiareA
3523;Maditha@filiareB
3524;Livio@filiareA
3525;Madlen@filiareA
3526;Logan@filiareD
3527;Maelle@filiareC
3528;Lope@filiareD
3529;Maeve@filiareA
3530;Lorenz@filiareB
3531;Maia@filiareB
3532;Lorin@filiareA
3533;Maila@filiareA
3534;Lotus@filiareB
3535;Mailinda@filiareC
3536;Loui@filiareA
3537;Maissan@filiareC
3538;Louie@filiareC
3539;Majla@filiareB
3540;Luan@filiareA
3541;Malaak@filiareD
3542;Luan-Fernando@filiareD
3543;Malaika@filiareB
3544;Luano@filiareB
3545;Malake@filiareC
3546;Lucas-Jaden@filiareA
3547;Maleh@filiareB
3548;Luciano@filiareB
3549;Malie@filiareA
3550;Lucjan@filiareA
3551;Malina@filiareB
3552;Lucretius@filiareB
3553;Maliza@filiareD
3554;Luis-Malte@filiareC
3555;Malous@filiareD
3556;Luiz@filiareB
3557;Mana@filiareD
3558;Lutz@filiareC
3559;Marah@filiareD
3560;Luwin@filiareB
3561;Margad@filiareB
3562;Lyan@filiareD
3563;Margarete@filiareA
3564;Lyron@filiareB
3565;Margaretha@filiareB
3566;Lysander@filiareD
3567;Mariella@filiareB
3568;LÃ©o@filiareC
3569;Marilena@filiareD
3570;LÃ©vi@filiareA
3571;Marilu@filiareC
3572;LÃª@filiareD
3573;Marina@filiareB
3574;Magnus@filiareA
3575;Marit@filiareB
3576;Mahmood-Jibriel@filiareA
3577;Maro@filiareB
3578;Mahmoud@filiareA
3579;Marsilina@filiareB
3580;Mailo@filiareB
3581;Marta@filiareA
3582;Maksim@filiareC
3583;Masa@filiareC
3584;Malek@filiareD
3585;Masha@filiareA
3586;Malio@filiareC
3587;Massa@filiareC
3588;Marcel@filiareB
3589;Matilde@filiareB
3590;Marco@filiareD
3591;Mawaddah@filiareB
3592;Marin@filiareC
3593;Maxi@filiareA
3594;Mario@filiareB
3595;Maxima@filiareD
3596;Maris@filiareA
3597;Mayssene@filiareA
3598;Marku@filiareB
3599;Meda@filiareB
3600;Markus@filiareD
3601;Meliah@filiareD
3602;Marlin@filiareC
3603;Meliha@filiareC
3604;Marlon@filiareB
3605;Melis@filiareC
3606;Marten@filiareD
3607;Melis-Sena@filiareA
3608;Martin@filiareB
3609;Mercedes@filiareA
3610;Marwin@filiareB
3611;Merida@filiareA
3612;Mason@filiareA
3613;Mersana@filiareA
3614;Massud@filiareC
3615;Mersina@filiareD
3616;Massyl@filiareD
3617;Meta@filiareB
3618;Matei@filiareD
3619;Meyra@filiareA
3620;Mathyas@filiareB
3621;Michelle@filiareB
3622;Matima@filiareC
3623;Mieke@filiareD
3624;Mattes@filiareA
3625;Mihrinaz@filiareA
3626;Maurice@filiareA
3627;Milda@filiareB
3628;Max-Leopold@filiareA
3629;Milia@filiareD
3630;Mayar@filiareA
3631;Millie@filiareA
3632;MaÃ«l@filiareC
3633;Milou@filiareA
3634;Melik@filiareA
3635;Mina-Milu@filiareA
3636;Merab@filiareA
3637;Minela@filiareD
3638;Meran@filiareD
3639;Minna@filiareC
3640;Merritt@filiareA
3641;Miral@filiareD
3642;Mertali@filiareC
3643;Miray@filiareC
3644;Mervan@filiareD
3645;Miraya@filiareC
3646;Mian@filiareA
3647;Mirela@filiareD
3648;Mica@filiareA
3649;Mirijam@filiareA
3650;Michele@filiareB
3651;Mirra@filiareC
3652;Miguel@filiareB
3653;Miya@filiareA
3654;Mihran@filiareB
3655;Momo@filiareA
3656;Mikael@filiareB
3657;Mounira@filiareD
3658;Mikhail@filiareD
3659;Murielle@filiareD
3660;Mikkel@filiareA
3661;Myra@filiareC
3662;Miles@filiareC
3663;MÃ¼berra@filiareB
3664;Milot@filiareA
3665;Naaliyah@filiareB
3666;Milow@filiareC
3667;Nadia@filiareC
3668;Minu@filiareD
3669;Nadja@filiareC
3670;Miralem@filiareD
3671;Naira@filiareD
3672;Mirdon@filiareA
3673;Nairana@filiareB
3674;Miroslav@filiareA
3675;Najla@filiareB
3676;Mischa@filiareD
3677;Namira@filiareC
3678;Mohammad-Saleh@filiareC
3679;Naomi@filiareD
3680;Moro@filiareD
3681;Nara@filiareB
3682;Mory@filiareD
3683;Nayla@filiareA
3684;Moulay@filiareC
3685;Nayomi@filiareA
3686;Moussa@filiareC
3687;Nayra@filiareC
3688;Moxuan@filiareD
3689;Nazar@filiareA
3690;Munay@filiareA
3691;Nefeli@filiareB
3692;Mylo-Maximilian@filiareC
3693;Nehir@filiareD
3694;MÃ®rhat@filiareA
3695;Nejra@filiareB
3696;Nader@filiareA
3697;Nella@filiareA
3698;Nahuel@filiareB
3699;Neslisah@filiareD
3700;Nail@filiareB
3701;Neta@filiareD
3702;Naim@filiareB
3703;Nevi@filiareC
3704;Nalu@filiareD
3705;Nevin@filiareA
3706;Nanook@filiareC
3707;Neylani@filiareC
3708;Naser@filiareC
3709;Nia@filiareC
3710;Nathaniel@filiareB
3711;Nia-Jennisa@filiareB
3712;NaÃ«l@filiareC
3713;Nikole@filiareA
3714;Neel@filiareC
3715;Nilssa@filiareA
3716;Nelian@filiareB
3717;Nisan@filiareD
3718;Nero@filiareB
3719;Nitya@filiareB
3720;Nestor@filiareD
3721;Noura@filiareA
3722;Nevio@filiareD
3723;Nova@filiareC
3724;Nicklas@filiareB
3725;NuÅŸa@filiareA
3726;Niclas@filiareA
3727;Ofri@filiareC
3728;Nico@filiareD
3729;Ora@filiareD
3730;NicolÃ¡s@filiareB
3731;Ori@filiareC
3732;Niels@filiareC
3733;Oriah@filiareB
3734;Nikon@filiareA
3735;Ornella@filiareB
3736;Nikos@filiareD
3737;Othilie@filiareD
3738;Nilsson@filiareD
3739;Ottilie@filiareA
3740;Nimar@filiareD
3741;Palina@filiareA
3742;Nino@filiareA
3743;Panna@filiareD
3744;Nio@filiareB
3745;Paola@filiareC
3746;Noa@filiareB
3747;Patricia@filiareB
3748;Noam@filiareB
3749;Paula-Roberta@filiareD
3750;Norah@filiareC
3751;Pauli@filiareA
3752;Norbu@filiareD
3753;Perla@filiareD
3754;Nouh@filiareB
3755;Philina@filiareB
3756;Noui@filiareB
3757;Piya@filiareA
3758;Nouri@filiareD
3759;Pola@filiareC
3760;Noyan@filiareA
3761;Polly@filiareC
3762;NoÃ©@filiareA
3763;Pratyusha@filiareD
3764;Nuri@filiareD
3765;Quinn@filiareB
3766;Obrian@filiareB
3767;Rachele@filiareC
3768;Odysseas@filiareC
3769;Raffie@filiareD
3770;Okan@filiareD
3771;Rafif@filiareD
3772;Oliverio@filiareC
3773;Raihan@filiareB
3774;Olivier@filiareB
3775;Ramsya@filiareA
3776;Olli@filiareA
3777;Rania@filiareA
3778;Omid@filiareB
3779;Raphaella@filiareD
3780;Onno@filiareC
3781;Ravenna@filiareD
3782;Oriel@filiareC
3783;Rawan@filiareA
3784;Oscar-Ryan@filiareD
3785;Rayan@filiareA
3786;Ove@filiareB
3787;Rebecca@filiareA
3788;Ovi@filiareD
3789;Reema@filiareA
3790;Owais@filiareC
3791;Refael@filiareD
3792;Paavo@filiareC
3793;Reyyan@filiareA
3794;Pakin@filiareC
3795;Rieke@filiareC
3796;Panagiotis@filiareC
3797;Riyam@filiareB
3798;Panayot@filiareD
3799;Robin@filiareA
3800;Paolo@filiareD
3801;Rosalia@filiareC
3802;Pau@filiareB
3803;Rose@filiareB
3804;Peer@filiareB
3805;Rosi@filiareA
3806;Pelle@filiareC
3807;Roxy@filiareC
3808;Petar@filiareD
3809;Roya@filiareA
3810;Phin@filiareB
3811;Rubi@filiareB
3812;Pius@filiareA
3813;Runa@filiareA
3814;Plaaj@filiareD
3815;Ruqayyah@filiareC
3816;Platon@filiareB
3817;Rylee@filiareC
3818;Qaisser@filiareC
3819;Sahra@filiareD
3820;Quentin@filiareA
3821;Salome@filiareD
3822;Quint@filiareB
3823;Salwa@filiareA
3824;Raduan@filiareA
3825;Samuyuktha@filiareD
3826;Raffael@filiareC
3827;Sarnai@filiareD
3828;Raffaele@filiareD
3829;Sascha@filiareD
3830;Rahul@filiareD
3831;Sasha@filiareD
3832;Raoni@filiareA
3833;Saskia@filiareC
3834;RaphaÃ«l@filiareD
3835;Savannah-Kayla@filiareC
3836;Rashid@filiareD
3837;Sayra@filiareC
3838;Ravi@filiareA
3839;Scarlett@filiareD
3840;RayÃ©@filiareC
3841;Schnee@filiareD
3842;Razak@filiareB
3843;Seah@filiareC
3844;Remus@filiareA
3845;Selvi@filiareC
3846;Rian@filiareC
3847;Sema@filiareA
3848;Riccardo@filiareC
3849;Semora@filiareC
3850;Rik@filiareC
3851;Seo@filiareB
3852;Riku@filiareD
3853;Seraphina@filiareC
3854;Roan@filiareA
3855;Seren@filiareB
3856;Rocco@filiareB
3857;Serenay@filiareA
3858;Roko@filiareA
3859;Serra@filiareB
3860;Romeo@filiareC
3861;Shahd@filiareB
3862;Roshan@filiareD
3863;Shana@filiareA
3864;Roth@filiareC
3865;Sheyenne@filiareA
3866;Ruben@filiareC
3867;Shuyue@filiareD
3868;Rudi@filiareB
3869;Sima@filiareB
3870;Ruhid@filiareA
3871;Sinem@filiareA
3872;Ruslan@filiareA
3873;Skylar@filiareA
3874;Ryan@filiareB
3875;Sodgerel@filiareA
3876;RÃ©mi@filiareC
3877;Sofie@filiareB
3878;Safet@filiareA
3879;Sofiea@filiareC
3880;Said@filiareC
3881;Soleil@filiareD
3882;Sail@filiareC
3883;Soley-ValiÃ©e@filiareC
3884;Saiph@filiareA
3885;Solin@filiareA
3886;Sajan@filiareA
3887;Soliya@filiareB
3888;Salem@filiareA
3889;Solomiya@filiareC
3890;Salih@filiareC
3891;Solveig@filiareB
3892;Salihan@filiareC
3893;Sookie@filiareD
3894;Salomey@filiareA
3895;Sophia-Ray@filiareA
3896;Salvador@filiareA
3897;Sosvien@filiareB
3898;Sam@filiareA
3899;Soufien@filiareD
3900;Sami@filiareB
3901;Sreenidhi@filiareA
3902;Samson@filiareD
3903;StaÅ¡a@filiareC
3904;Sancho@filiareD
3905;Stefania@filiareD
3906;Sanel@filiareA
3907;Stefanie@filiareB
3908;Sascha@filiareC
3909;Stesi@filiareB
3910;Savash@filiareA
3911;Stina@filiareD
3912;Sayf@filiareC
3913;Sue@filiareB
3914;SaÅ¡a@filiareC
3915;Sumaja@filiareC
3916;Scott@filiareC
3917;Sura-Su@filiareB
3918;Sebastian@filiareA
3919;Svala@filiareD
3920;Serafim@filiareC
3921;Svenja@filiareB
3922;Seyed@filiareD
3923;Tabea@filiareD
3924;Seyyid@filiareD
3925;Taisia@filiareC
3926;Shaban@filiareD
3927;Tala@filiareD
3928;Shion@filiareA
3929;Talia@filiareC
3930;Shkodran@filiareD
3931;Talin@filiareB
3932;Shreyas@filiareC
3933;Talvi@filiareA
3934;Shukri@filiareD
3935;Tamar@filiareD
3936;Silvio@filiareC
3937;Tamara@filiareB
3938;Simeon@filiareA
3939;Tamia@filiareD
3940;SimÃ³n@filiareA
3941;Tamila@filiareC
3942;Siyah@filiareA
3943;Tamnou@filiareB
3944;Slavoljub@filiareD
3945;Tara@filiareB
3946;Smail@filiareB
3947;Tea@filiareD
3948;Sofian@filiareC
3949;Telja@filiareB
3950;Solal@filiareA
3951;Teona@filiareB
3952;Stanley@filiareB
3953;Teresa@filiareC
3954;Stepan@filiareB
3955;Tesa@filiareC
3956;Subhan@filiareB
3957;Tessa@filiareD
3958;Sukrit@filiareD
3959;Thalia@filiareA
3960;Sway@filiareB
3961;Thara@filiareA
3962;Taio@filiareA
3963;ThaÃ¯s@filiareB
3964;Tamay@filiareC
3965;Theresia@filiareD
3966;Tameo@filiareC
3967;Thereza@filiareC
3968;Tanay@filiareC
3969;Thora@filiareB
3970;Tanishq@filiareC
3971;Tilawa@filiareD
3972;Tao@filiareB
3973;Tillie@filiareD
3974;Taro@filiareB
3975;Tiyana@filiareD
3976;Tavi@filiareC
3977;Tomma@filiareB
3978;Tayfun@filiareC
3979;Tomoka@filiareC
3980;Taylan@filiareC
3981;Tonia@filiareB
3982;Taymour@filiareA
3983;Tove@filiareA
3984;Tayo@filiareC
3985;Tulin@filiareC
3986;Temuge@filiareD
3987;Uliana@filiareA
3988;Teo@filiareA
3989;Valeria@filiareD
3990;Thaddaeus@filiareC
3991;Vanida@filiareC
3992;Thakur@filiareC
3993;Vanisa@filiareC
3994;Tharu@filiareA
3995;Vanja@filiareB
3996;Thees@filiareC
3997;Vasilena@filiareB
3998;Theodore@filiareB
3999;Vera@filiareB
4000;Theon@filiareC
4001;Vesna@filiareD
4002;Thiago@filiareA
4003;Vesta@filiareD
4004;Thies@filiareD
4005;Vian@filiareC
4006;Thom@filiareA
4007;Viann@filiareB
4008;ThÄƒng@filiareB
4009;Vicktoria@filiareB
4010;Tiam@filiareB
4011;Victoria-Elisa@filiareC
4012;Ties@filiareC
4013;Victoria-Maria@filiareB
4014;Tihomir@filiareD
4015;Vika@filiareB
4016;Tim-Noah@filiareD
4017;Viola@filiareB
4018;Timo@filiareB
4019;Viviane@filiareA
4020;Timofey@filiareC
4021;Vivienne@filiareA
4022;Timotei@filiareB
4023;Wiktoria@filiareC
4024;Titus@filiareC
4025;Wilhelmina@filiareA
4026;Tjelle@filiareC
4027;Winnie@filiareC
4028;Toby@filiareA
4029;Winter@filiareB
4030;Toma@filiareC
4031;Yadira@filiareC
4032;Tommi@filiareC
4033;Yamila@filiareB
4034;Tristan@filiareB
4035;Yamina@filiareB
4036;Tsuraya@filiareB
4037;Yaren@filiareB
4038;Tymon@filiareA
4039;Yasemin@filiareB
4040;Tyrese@filiareC
4041;Yasira-Elif@filiareB
4042;Umut@filiareA
4043;Yasmin@filiareD
4044;Uzay@filiareB
4045;Yatika@filiareA
4046;Val@filiareC
4047;YaÄŸmur@filiareA
4048;Valerio@filiareD
4049;Yekbun@filiareD
4050;Vasilije@filiareB
4051;Yelda@filiareA
4052;Veaceslav@filiareB
4053;Ylva@filiareA
4054;Veysel@filiareC
4055;Yuanli@filiareC
4056;Vinzenz@filiareA
4057;Zaira@filiareA
4058;Vitomir@filiareB
4059;Zakia@filiareA
4060;Vlad@filiareA
4061;Zayna@filiareD
4062;Wanja@filiareB
4063;Zazie@filiareB
4064;Wes@filiareD
4065;Zelal@filiareD
4066;Wiktor@filiareA
4067;Zelie@filiareD
4068;Wilhelm@filiareD
4069;Zeliha@filiareD
4070;Wille@filiareA
4071;Zhianbyen@filiareA
4072;Willem@filiareD
4073;Zlatka@filiareD
4074;Willy@filiareD
4075;Zosia@filiareD
4076;Wise@filiareC
4077;Zuri@filiareC
4078;Wojciech@filiareB
4079;Ã‰den@filiareC
4080;Wolf@filiareD
4081;ÃŒvanna@filiareB
4082;Wyn@filiareD
4083;Ã–ykÃ¼@filiareB
4084;Xaver@filiareC
4085;Åucja@filiareB
4086;Yaakoub@filiareA
4087;Åžadiyenur@filiareC
4088;Yacine@filiareA
4089;Yadiel@filiareB
4090;Yago@filiareA
4091;Yakub@filiareB
4092;Yakup-Efe@filiareC
4093;Yaman@filiareB
4094;Yamen@filiareD
4095;Yannai@filiareB
4096;Yannick@filiareA
4097;Yannis@filiareB
4098;Yari@filiareD
4099;Yaron@filiareB
4100;Yaroob@filiareC
4101;Yaseen@filiareB
4102;Yasser@filiareC
4103;Yassin@filiareD
4104;Yavi@filiareA
4105;Yeonu@filiareB
4106;Yilin@filiareD
4107;Yimo@filiareB
4108;Yosef@filiareD
4109;Younas@filiareC
4110;Yousef@filiareB
4111;Yousseff@filiareC
4112;Yousuf@filiareC
4113;Yuki@filiareB
4114;Yunes@filiareB
4115;Yuri@filiareC
4116;Zachariah@filiareA
4117;Zain@filiareC
4118;Zana@filiareC
4119;Zaroun@filiareA
4120;Zaryan@filiareC
4121;Zayn@filiareA
4122;Zein@filiareA
4123;Zeynel@filiareC
4124;Zi@filiareA
4125;Zinar@filiareC
4126;ZinÃ©dine@filiareD
4127;Zlatomir@filiareC
4128;Ã‡aÄŸatay@filiareC
4129;Ã‰lie@filiareA
4130;Ã‰mile@filiareA
4131;Ã‰tienne@filiareB
4132;Ã–zhan@filiareC
