Index;Name
1;Marie
2;Sophie
3;Charlotte
4;Alexander
5;Noah
6;Charlotte
7;David
8;Emilia
9;Leon
10;Maria
11;Maximilian
12;Valentin
13;Ella
14;Lea
15;Theodor
16;Karl
17;Emma
18;Maximilian
19;Elias
20;Paul
21;Emilia
22;Sophia
23;Adam
24;Anton
25;Emil
26;Jonas
27;Anna
28;Johanna
29;Felix
30;Liam
31;Elisabeth
32;Clara
33;Mathilda
34;Elias
35;Jakob
36;Leo
37;Lukas
38;Mia
39;Henry
40;Frida
41;Hannah
42;Olivia
43;Levi
44;Paul
45;Luise
46;Ben
47;Gabriel
48;Leonard
49;Anna
50;Hanna
51;Marie
52;Mila
53;Nora
54;Paula
55;Benjamin
56;Alma
57;Lara
58;Leni
59;Leonie
60;Alexander
61;Lina
62;Max
63;Johanna
64;Helena
65;Julius
66;Lena
67;Pauline
68;Ali
69;Anton
70;Johann
71;Sophia
72;Finn
73;Louis
74;Amelie
75;Luca
76;Maya
77;Malik
78;Milan
79;Emil
80;Michael
81;Emily
82;Frieda
83;Jonathan
84;Luise
85;Linus
86;Sofia
87;Sophie
88;Elisabeth
89;Benjamin
90;Luisa
91;Aaron
92;Luis
93;Ava
94;Mateo
95;Isabella
96;Raphael
97;Juna
98;Samuel
99;Liya
100;Tim
101;Lotta
102;Luisa
103;Marlene
104;Mina
105;Friedrich
106;Lina
107;Louis
108;Marlene
109;Samuel
110;Moritz
111;Viktor
112;Vincent
113;Ada
114;Amira
115;Flora
116;Ida
117;Lia
118;Lilly
119;Mara
120;Thea
121;Tilda
122;Alexander
123;Antonia
124;Carlotta
125;Helene
126;Magdalena
127;Mathilda
128;Rosa
129;Victoria
130;Arthur
131;August
132;Bruno
133;Caspar
134;Erik
135;Friedrich
136;Johann
137;Joshua
138;Kian
139;Matteo
140;Antonia
141;Mika
142;Rosa
143;Nicolas
144;Oskar
145;Theo
146;David
147;Felix
148;Karl
149;Peter
150;Theresa
151;Alina
152;Amalia
153;Carla
154;Ali
155;Carlotta
156;Carl
157;Cleo
158;Daniel
159;Elisabeth
160;Frederik
161;Julia
162;Jan
163;Karla
164;Leopold
165;Nisa
166;Marie
167;Carl
168;Ferdinand
169;Johannes
170;Jonathan
171;Katharina
172;Oskar
173;Lea
174;Otto
175;Lou
176;Theodor
177;Wilhelm
178;Arian
179;Aliya
180;Eymen
181;Elisa
182;Gustav
183;Klara
184;Hamza
185;Lana
186;Hugo
187;Luna
188;Jasper
189;Maria
190;Joris
191;Matilda
192;Julian
193;Medina
194;Justus
195;Mira
196;Lian
197;Zoe
198;Mert
199;Niklas
200;Noel
201;Oliver
202;Philipp
203;Valentin
204;Sophie
205;Ida
206;Louisa
207;Gabriel
208;Pauline
209;Joel
210;Viktoria
211;Luca
212;Nael
213;Robert
214;Theo
215;Thomas
216;Aaliyah
217;Alva
218;Amelia
219;Anouk
220;Elif
221;Elina
222;Ayaz
223;Laura
224;Elio
225;Louise
226;Fynn
227;Lucy
228;Henri
229;Maja
230;Ibrahim
231;Martha
232;Jona
233;Merle
234;Lasse
235;Romy
236;Luka
237;Ruby
238;Mattis
239;Sarah
240;Milo
241;Theresa
242;Simon
243;Viktoria
244;Amalia
245;Aurelia
246;Elisa
247;Ella
248;Lena
249;Finn
250;Leonie
251;Georg
252;Louise
253;Jakob
254;Paulina
255;Josef
256;Luis
257;Noel
258;Simon
259;Vincent
260;Can
261;Alea
262;Carlo
263;Alexandra
264;Edgar
265;Aurelia
266;Elian
267;Ela
268;Emir
269;Josephine
270;Fabian
271;Lilia
272;Jannis
273;Louisa
274;Kilian
275;Lucia
276;Konstantin
277;Marla
278;Leonardo
279;Melissa
280;Lionel
281;Milla
282;Mio
283;Nele
284;Richard
285;Paulina
286;Rio
287;Rosalie
288;Vito
289;Sara
290;Younes
291;Stella
292;Yunus
293;Valerie
294;Victoria
295;Yara
296;Michael
297;Paul
298;Peter
299;Ava
300;Clara
301;Elin
302;Elise
303;Emma
304;Adam
305;Grace
306;Antonio
307;Hannah
308;Arthur
309;Josephine
310;Bruno
311;Liv
312;Can
313;Liya
314;James
315;Mila
316;Jan
317;Paula
318;Jonas
319;Rosalie
320;Jonte
321;Rose
322;Konstantin
323;Ruth
324;Leonard
325;Sofia
326;Levi
327;Valentina
328;Levin
329;Ludwig
330;Malik
331;Martin
332;Matteo
333;Max
334;Oliver
335;Richard
336;Adrian
337;Alparslan
338;Amir
339;Celia
340;Bilal
341;Defne
342;Deniz
343;Diana
344;Emilio
345;Eliana
346;Enno
347;Esther
348;Ensar
349;Eva
350;Ferdinand
351;Finja
352;Fiete
353;Kaia
354;Florian
355;Liliana
356;Ilyas
357;Lisa
358;Juri
359;Liv
360;Kiyan
361;Livia
362;Leano
363;Miriam
364;Lennart
365;Levin
366;Mahir
367;Maxim
368;Mohamed
369;Mustafa
370;Nael
371;Nikola
372;Oscar
373;Piet
374;Rafael
375;Santiago
376;Thomas
377;Tobias
378;Victor
379;Charlotte
380;Georg
381;Margarete
382;Alma
383;Dorothea
384;Eleonore
385;Elsa
386;Eva
387;Filipa
388;Frieda
389;Isabel
390;Asaf
391;Lucia
392;Christoph
393;Luna
394;Emilian
395;Malia
396;Erik
397;Mathilde
398;Frank
399;Mira
400;Frederick
401;Nisa
402;Henri
403;Sofie
404;Henry
405;ZoÃ©
406;Idris
407;Joseph
408;Kemal
409;Kilian
410;Leo
411;Leon
412;Leopold
413;Maxim
414;Mehmet
415;Moritz
416;Nicolas
417;Philipp
418;Stefan
419;Yasin
420;Adriana
421;Alessia
422;Alice
423;Alisa
424;Amina
425;Amy
426;Annika
427;Carolina
428;Dalia
429;Elena
430;Elli
431;Ellie
432;Greta
433;Hana
434;Jasmin
435;Albert
436;Kira
437;Andreas
438;Laila
439;Antonius
440;Liah
441;Bastian
442;Lilli
443;Bela
444;Malia
445;Bennet
446;Malou
447;Christian
448;Nala
449;Damian
450;Noa
451;Eli
452;Philine
453;Elyas
454;Philippa
455;Emilian
456;Ronja
457;Fritz
458;Tuana
459;Hannes
460;Valentina
461;Henrik
462;Zara
463;Ivan
464;Zeynep
465;Jack
466;ZoÃ©
467;Jannes
468;Janosch
469;Jonah
470;Josef
471;Joseph
472;Laurenz
473;Lias
474;Lio
475;Malte
476;Mark
477;Matheo
478;Mats
479;Mikail
480;Miran
481;Mohammad
482;Mohammed
483;Muhammad
484;Muhammed
485;Musa
486;Nick
487;Nils
488;Omar
489;Philip
490;Rayan
491;Robin
492;Tom
493;Yahya
494;Yusuf
495;Ã–mer
496;Marie
497;Bruno
498;Josefine
499;Franz
500;Katharina
501;Friedrich
502;Louise
503;Jonathan
504;Maria
505;JÃ¼rgen
506;Rose
507;Konstantin
508;Ada
509;Alice
510;Alicia
511;Amelie
512;Caroline
513;Christine
514;Ela
515;Florentine
516;Friederike
517;Jolie
518;Karlotta
519;Klara
520;Laetitia
521;Lee
522;Adrian
523;Lieselotte
524;Albert
525;Lydia
526;Alfred
527;Maja
528;Amon
529;Malina
530;Andreas
531;Malou
532;AndrÃ©s
533;Margarete
534;Avi
535;Mary
536;Balthasar
537;Milou
538;Ben
539;Olivia
540;Bennet
541;Thea
542;Bernhard
543;Wilma
544;Carlos
545;Yael
546;Christopher
547;Zofia
548;Constantin
549;Daniel
550;Efe
551;Elia
552;Eliah
553;Emilio
554;Erich
555;Erwin
556;Fiete
557;Franz
558;Frederik
559;Fritz
560;Hans
561;Heinrich
562;Ilyas
563;Joshua
564;Julius
565;Kaan
566;Kadir
567;Klaus
568;Leander
569;Lian
570;Lucas
571;Magnus
572;Miguel
573;Nikolaus
574;Noah
575;Nuri
576;Ole
577;Philip
578;Rafael
579;Rainer
580;Raphael
581;Reinhard
582;Rudi
583;Saint
584;Wolfgang
585;Alicia
586;Amilia
587;Anastasia
588;Annabelle
589;Ariana
590;Arya
591;Asel
592;Azra
593;Cosima
594;Dea
595;Edda
596;Elea
597;Eleanor
598;Elise
599;Eliz
600;Elizabeth
601;Emilie
602;Evin
603;Fiona
604;Fritzi
605;Hailey
606;Helene
607;Henriette
608;Ilayda
609;Ivy
610;Lamis
611;Layla
612;Leah
613;Leona
614;Abdurrahman
615;Lilith
616;Adem
617;Linda
618;Ahmad
619;Lola
620;Ahmed
621;Lotte
622;Alex
623;Lou
624;Aras
625;Magdalena
626;Arvid
627;Malika
628;Atlas
629;Mariam
630;Charlie
631;Melek
632;Cosmo
633;Melina
634;Danilo
635;Milana
636;Diego
637;Milena
638;Edis
639;Mona
640;Emile
641;Nea
642;Emin
643;Nicole
644;Eric
645;Nika
646;Fabio
647;Nike
648;Francis
649;Noelia
650;Franz
651;Rima
652;Fridolin
653;Samira
654;GÃ¼ney
655;Yuna
656;Ian
657;Zehra
658;Ilija
659;Janis
660;Joel
661;Johannes
662;Karim
663;Keno
664;Kerem
665;Konrad
666;Lennard
667;Leonidas
668;Lewin
669;Lion
670;Lucas
671;Ludwig
672;Manuel
673;Marc
674;Michael
675;Musab
676;Mylo
677;Nathan
678;Nikita
679;Niko
680;Noan
681;Ole
682;Otto
683;Pablo
684;Phil
685;Phileas
686;Rami
687;RÃ¼zgar
688;Samir
689;Taavi
690;Taha
691;Thilo
692;Timur
693;Tony
694;Wim
695;YiÄŸit
696;Younis
697;Youssef
698;Amalia
699;An
700;Anna
701;Andreas
702;Beate
703;Anton
704;Emilia
705;Balthasar
706;Helene
707;Benjamin
708;Ingrid
709;Daniel
710;Johanna
711;David
712;Luisa
713;Emil
714;Luise
715;Felix
716;Margarethe
717;Ferdinand
718;Nina
719;Fritz
720;Rebecca
721;Henning
722;Sofie
723;Johann
724;Therese
725;Karl
726;Victoria
727;Louis
728;Wiebke
729;Manfred
730;Otto
731;Ruben
732;Valentin
733;Vincent
734;William
735;Alessandra
736;Aleyna
737;Aliyah
738;Amelia
739;Annabelle
740;Anne
741;Annik
742;Anouk
743;Antje
744;Antonietta
745;Bente
746;ChloÃ©
747;Cristina
748;Devi
749;Dominique
750;Dua
751;Elaine
752;Elena
753;Elenor
754;Elina
755;Emmy
756;Erika
757;Esperanza
758;Esther
759;Evelyn
760;Feline
761;Filippa
762;Fiona
763;Florentina
764;Frida
765;Gabriele
766;Gabrielle
767;Greta
768;Hanna
769;Helen
770;Hermine
771;Hira
772;Aaron
773;Hope
774;Aldin
775;Irena
776;Alfons
777;Irma
778;Alva
779;Ivy
780;Amadeus
781;Jana
782;Amos
783;Jasmin
784;Anh
785;Josefin
786;Antonovic
787;Josephin
788;Arian
789;Lara
790;Arnold
791;Lavin
792;Aslan
793;Leni
794;August
795;Leonore
796;Aviel
797;Leora
798;Ayaz
799;Leticia
800;Barnabas
801;Leyla
802;Benedikt
803;Lilly
804;Bernard
805;Linda
806;Bernd
807;Liyah
808;Bilal
809;Lore
810;Caspar
811;Lotta
812;Christian
813;Lotte
814;Darian
815;Luca
816;Deniz
817;Luzia
818;Dennis
819;Madita
820;Dieter
821;Mai
822;Edgar
823;Mali
824;Eliano
825;Malin
826;Emanuel
827;Margarita
828;Emin
829;Margot
830;Emmanuel
831;Marina
832;Erdem
833;Maya
834;Eric
835;Melissa
836;Erkan
837;Mia
838;Ernst
839;Mina
840;Eymen
841;Minou
842;Fabian
843;Miriam
844;Florian
845;Naz
846;Fridolin
847;Nora
848;Gustav
849;Nur
850;Hamza
851;Nuria
852;Hannes
853;Ottilie
854;Hasan
855;Petra
856;Helmut
857;Philine
858;Hermann
859;Philippa
860;Hoang
861;Philomena
862;Holger
863;Quynh
864;Hugo
865;Reddy
866;Jamal
867;Rosemarie
868;Janosch
869;Ruby
870;Jasper
871;Selin
872;Joachim
873;Sol
874;Jona
875;Su
876;Jonah
877;Sue
878;Joris
879;Susann
880;Julian
881;Sylvia
882;Karim
883;Talia
884;Kian
885;Toni
886;Kuno
887;Ursula
888;Lasse
889;Vaiana
890;Leonardo
891;Yuna
892;Levent
893;Zeynep
894;Liam
895;Zoe
896;Lio
897;Lothar
898;Lovis
899;Malte
900;Manolo
901;Maria
902;Marian
903;Marie
904;Markus
905;Matti
906;Maurice
907;Milan
908;Milas
909;Milo
910;Minh
911;Nathan
912;Nicholas
913;Niklas
914;Nikolas
915;NoÃ«l
916;Omar
917;Pepe
918;Phil
919;Phileas
920;Reddy
921;Roman
922;Rudolf
923;Salih
924;Santiago
925;Selim
926;Taha
927;Till
928;Uwe
929;Valentino
930;Valerian
931;Van
932;Walter
933;Willi
934;William
935;Yan
936;YiÄŸit
937;Yusuf
938;Zayn
939;Adelina
940;Alara
941;Alya
942;Alyssa
943;Amaia
944;Amal
945;Amani
946;Ana
947;Angelina
948;Annabell
949;Anni
950;Aria
951;Asya
952;Aurora
953;Ayla
954;Bella
955;Camilla
956;Cara
957;Carmen
958;Charlie
959;Chiara
960;Clea
961;Dariya
962;Dilara
963;Diya
964;Dua
965;Dunya
966;Eleonore
967;Elinor
968;Elissa
969;Ellinor
970;Elsa
971;Enie
972;Enissa
973;EsmÃ©e
974;Fatima
975;Felicia
976;Freya
977;Giulia
978;Golda
979;Aleksa
980;Hafsa
981;Alwin
982;Haley
983;Amon
984;Halima
985;Anel
986;Hayat
987;Armin
988;Hedi
989;Arne
990;Helen
991;Artur
992;Hermine
993;Asaf
994;Ikra
995;Azad
996;Ä°nci
997;Batuhan
998;Io
999;Benedict
1000;Isabel
1001;Borys
1002;Iva
1003;Casper
1004;Izabela
1005;Charalampos
1006;Jamila
1007;Colin
1008;Jana
1009;Constantin
1010;Jannah
1011;Cyril
1012;Jasmina
1013;Danell
1014;Jeanne
1015;Dani
1016;Joana
1017;Darian
1018;JosÃ©phine
1019;Dominik
1020;Judy
1021;Dylan
1022;Julie
1023;Eduard
1024;Juno
1025;Ege
1026;Karlotta
1027;Elia
1028;Karoline
1029;Elijah
1030;Katarina
1031;Elliot
1032;Kate
1033;Elyesa
1034;Kayla
1035;Emanuel
1036;Larin
1037;Emmett
1038;Leia
1039;Enes
1040;Lene
1041;Erdem
1042;Levke
1043;Eren
1044;Leya
1045;Florentin
1046;Liara
1047;Frederick
1048;Lidia
1049;Frieder
1050;Liesbeth
1051;Georg
1052;Lili
1053;Hassan
1054;Linn
1055;HÃ¼seyin
1056;Liyah
1057;Ilai
1058;Lovis
1059;Ilja
1060;Luciana
1061;Ä°lyas
1062;Luzie
1063;Isaac
1064;Madalena
1065;Ismail
1066;Madita
1067;Jacob
1068;Malea
1069;Jakub
1070;Maliya
1071;James
1072;Mari
1073;Jamil
1074;Marisa
1075;Jari
1076;Marisol
1077;Jaro
1078;Maryam
1079;Johan
1080;Mascha
1081;John
1082;Mavi
1083;Jonne
1084;Maxie
1085;Junus
1086;Mayla
1087;Kaan
1088;Medine
1089;Karam
1090;Melin
1091;KÄ±vanÃ§
1092;Melinda
1093;Kjell
1094;Meryem
1095;Krish
1096;Narin
1097;Kuzey
1098;Naya
1099;Lars
1100;Nelia
1101;Leander
1102;Nelly
1103;Leif
1104;Nila
1105;Lev
1106;Nina
1107;Lino
1108;Nisanur
1109;Liyan
1110;Noemi
1111;Loukas
1112;Nola
1113;Lucio
1114;Noomi
1115;Luke
1116;Norah
1117;Mads
1118;NoÃ«mi
1119;Mahdi
1120;Nuria
1121;Marian
1122;Ophelia
1123;Marius
1124;Pia
1125;Marlo
1126;Pina
1127;Matti
1128;Polina
1129;Milas
1130;Raya
1131;Mirac
1132;Riona
1133;MiraÃ§
1134;Ruth
1135;Miron
1136;Safiya
1137;Neo
1138;Sally
1139;Nikolas
1140;Sanna
1141;Nilo
1142;Selin
1143;Nima
1144;Selina
1145;Otis
1146;Selma
1147;Pars
1148;Sena
1149;Pepe
1150;Sidra
1151;Robert
1152;Sina
1153;Roman
1154;Skadi
1155;Rune
1156;Smilla
1157;Silas
1158;Susanna
1159;Stefan
1160;Svea
1161;Sultan
1162;Talya
1163;Tamim
1164;Tiana
1165;Tamino
1166;Tiffany
1167;Tamo
1168;Toni
1169;Tiago
1170;Una
1171;Till
1172;Vivien
1173;Vasco
1174;Wanda
1175;William
1176;Wilma
1177;Yannik
1178;Yael
1179;Yasin
1180;Yva
1181;Yona
1182;Zahra
1183;Zeinab
1184;Zeyneb
1185;Zoey
1186;ZoÃ«
1187;Abraham
1188;Maria
1189;Friedrich
1190;Alamea
1191;Wilhelm
1192;Alice
1193;Hajat
1194;Aksel
1195;Andreas
1196;Alenia
1197;Carl
1198;Andrea
1199;Ferdinand
1200;Antonia
1201;Friedemann
1202;Camille
1203;Friedensreich
1204;Caroline
1205;Friedrich
1206;Charlotte
1207;Gieselher
1208;Chiara
1209;Gottfried
1210;Edith
1211;Heinrich
1212;Elisabeth
1213;Huy
1214;Helma
1215;Ingo
1216;Hildegard
1217;Karl-Heinz
1218;Ingrid
1219;Kuno
1220;Johanna
1221;Leopold
1222;Marguerite
1223;Manfred
1224;Maria
1225;Michael
1226;MÃ¼slÃ¼mat
1227;Peter
1228;Salome
1229;Tho
1230;Susanne
1231;Volker
1232;Teal
1233;Abigail
1234;Adriana
1235;Aiko
1236;Alexandra
1237;Alexandrovna
1238;Ama
1239;Aaron
1240;AmiÅ›a
1241;Abraheem
1242;Amoore
1243;Adama
1244;Andrea
1245;Adrian
1246;Anica
1247;Akwasi
1248;Anne-Pauline
1249;Alexson
1250;Anneliese
1251;Alfred
1252;Annemarie
1253;Ali
1254;Anni
1255;Alistair
1256;Annica
1257;Almahdi
1258;Aurora
1259;Almenning
1260;Betty
1261;Amel
1262;Birgit
1263;Anand
1264;Bo
1265;Anhelo
1266;Cameran
1267;Anselm
1268;Carina
1269;Antonio
1270;Carlotta
1271;Apollo
1272;Caroline
1273;Ares
1274;Cataleya
1275;Arthur
1276;Cela
1277;Artur
1278;Christina
1279;Asgar
1280;Chuanchom
1281;Asmund
1282;Clarissa
1283;August
1284;Claudia
1285;Augustin
1286;Dalia
1287;Avi
1288;Danijela
1289;Benedikt
1290;Dokht
1291;Bennett
1292;Dora
1293;Berl
1294;Duong
1295;Bjarki
1296;Eleanor
1297;Bonzo
1298;Eleonore
1299;Bosse
1300;Elsbeth
1301;BrÃ»sk
1302;Elva
1303;Cairo
1304;Elvira
1305;Camille
1306;Emel
1307;Caspar
1308;Emilie
1309;Chaled
1310;Emma
1311;Christian
1312;Esma
1313;Christoph
1314;Esmanur
1315;Cornelius
1316;Eva
1317;Dennys
1318;Eveline
1319;Dieter
1320;Everly
1321;Dio
1322;Fatima
1323;Eduard
1324;Felicitas
1325;Elia
1326;Filine
1327;Emanuel
1328;Fleur
1329;Erdmann
1330;Francoise
1331;Finn
1332;FranÃ§oise
1333;Francis
1334;Friederun
1335;Francisco
1336;Frohmut
1337;Frank
1338;Gabriele
1339;FranÃ§ois
1340;Gerda
1341;Frederik
1342;Gertrud
1343;Gabriel
1344;Gisa
1345;Gamal
1346;Gisell
1347;Gerd
1348;Gretchen
1349;Gerhard
1350;GÃ¼lsel
1351;Gustav
1352;Hania
1353;Heinrich
1354;Helen
1355;Hermann
1356;Helga
1357;HernÃ¡n
1358;Ibrahim
1359;Ibrahim
1360;Ilse
1361;Immanuel
1362;Inge
1363;Isa
1364;Isabel
1365;Jan
1366;Jane
1367;Jens
1368;Jean
1369;Joachim
1370;Jelena
1371;Johannes
1372;Josefa
1373;Joseph
1374;JosÃ©phine
1375;Juan
1376;Juliane
1377;Julien
1378;Kaia
1379;June
1380;Karolin
1381;Justus
1382;Kate
1383;Kasimir
1384;Kathrine
1385;Khang
1386;Katinka
1387;Khoa
1388;Khalid
1389;Konrad
1390;Kidilua
1391;Kurt
1392;Klara
1393;Kwaku
1394;Kristina
1395;Kwame
1396;Laoise
1397;KÃ¡roly
1398;Laura
1399;Lars
1400;Laya
1401;Lasse
1402;Laye
1403;Latif
1404;Leila
1405;Lee
1406;Leonore
1407;Leonard
1408;Lia
1409;Leonidas
1410;Liljen
1411;Leopold
1412;Liselotte
1413;Lev
1414;Liv
1415;Luca
1416;Lotta
1417;LÃ¡szlÃ³
1418;Lotte
1419;MaomÃ©
1420;Lucienna
1421;Marcus
1422;Lupita
1423;Maria
1424;Majvi
1425;Marie
1426;Malu
1427;Marius
1428;Marga
1429;Mariusz
1430;Marianne
1431;Martin
1432;Marija
1433;Matteo
1434;Marine
1435;Mattis
1436;Marlies
1437;Maximilian
1438;Martha
1439;Milo
1440;Marwa
1441;Miro
1442;Mohamed
1443;Misbah
1444;Mora
1445;Mohamed
1446;Nairievna
1447;Molina
1448;Nalu
1449;Moritz
1450;Naomi
1451;Nael
1452;Nicol
1453;Nicu
1454;Nijola
1455;Olamide
1456;Nikita
1457;Oliver
1458;Nola
1459;Onni
1460;Noomi
1461;Panu
1462;Octavia
1463;Pascal
1464;Ose
1465;Pascarella
1466;Patricia
1467;Pepe
1468;Peppa
1469;Phi
1470;Philine
1471;Philipp
1472;Philomena
1473;Philippe
1474;Phoebe
1475;Piotr
1476;Ray
1477;Pipo
1478;Renate
1479;Ra
1480;Ricarda
1481;Rafael
1482;Rita
1483;Ramy
1484;Ronja
1485;Raoof
1486;Rosa
1487;Reda
1488;Roxy
1489;Reinhard
1490;Ruda
1491;Rey
1492;Ruth
1493;Rico
1494;Sabrina
1495;Roger
1496;Saleh
1497;Rudi
1498;Sarah
1499;Rudolf
1500;Sol
1501;RÃ¼diger
1502;Sonnele
1503;Saad
1504;Tamala
1505;Samuel
1506;Tamara
1507;Singh
1508;Theresia
1509;Steven
1510;Thordis
1511;Takumi
1512;Trang
1513;Tarik
1514;Ulla
1515;Ted
1516;Ursula
1517;Tim
1518;Vera
1519;Tuáº¥n
1520;Yuberta
1521;Ty
1522;Yui
1523;Ulf
1524;Zaini
1525;Valentino
1526;Van
1527;Wang
1528;Wendelinus
1529;Werner
1530;Wetchoko
1531;Wilhelm
1532;Willi
1533;Ya'ar
1534;Yeshi
1535;Yi
1536;Yoedistiro
1537;Ziyad
1538;Ãlvaro
1539;Aaliyah
1540;Addy
1541;AdÃ¨le
1542;Agata
1543;Agnes
1544;Aishwarya
1545;Alara
1546;Alberte
1547;Albertine
1548;Alea
1549;Aleida
1550;Alekseevna
1551;Alexandra-Luise
1552;Alexis
1553;Alicja
1554;Alissia
1555;Almila
1556;Almira
1557;Alya
1558;Amanda
1559;Amani
1560;Amaya
1561;Ameli
1562;Amilia
1563;Aminu
1564;Amira
1565;Amro
1566;AmÃ©lie
1567;Ana
1568;Anatolevna
1569;Andra
1570;Andrea
1571;Ange
1572;Angela
1573;Angelika
1574;Angelina
1575;Anh
1576;Aniela
1577;Anja
1578;Annelie
1579;Anneliese
1580;Annette
1581;Anni
1582;Abdullah
1583;Anruo
1584;Abdulrahman
1585;Antonovna
1586;Abel
1587;AntÃ´nia
1588;Abubakari
1589;Anuk
1590;Adem
1591;Aolani
1592;Adil
1593;Apolonia
1594;Adriyanov
1595;April
1596;Aeneas
1597;Ardith
1598;Afanassij
1599;Arin
1600;Aggrey
1601;Arslanbekovna
1602;Ahmedov
1603;Arya
1604;Ahmet
1605;Arzu
1606;Ahura
1607;Asel
1608;Aiden
1609;Ashley
1610;AimÃ©
1611;Asiyeh
1612;Akay
1613;AslÄ±han
1614;Aki
1615;Aslihan
1616;Akim
1617;Asme
1618;Akram
1619;Astraea
1620;Al-Tayyib
1621;Athene
1622;Aladdin
1623;Aubrey
1624;Alan
1625;Auri
1626;Aleksan
1627;Aurora
1628;Alessandro
1629;AurÃ©lie
1630;Alex
1631;Avelina
1632;Alexis
1633;Avi
1634;Alois
1635;AybÃ¼ke
1636;Alon
1637;Ayda
1638;Alonso
1639;Ayla
1640;Alp
1641;Aynur
1642;Alparslan
1643;Azra
1644;Alvar
1645;Balami
1646;Alwin
1647;Barbara
1648;Amandus
1649;Baz
1650;Amaru
1651;Beatrice
1652;An
1653;Bedda
1654;Anas
1655;Bel
1656;Anastasios
1657;Bensu
1658;Andreev
1659;Beslanovna
1660;AndreeviÄ
1661;Bess
1662;Angelo
1663;Binte
1664;Anouar
1665;Birgit
1666;Antay
1667;Blair
1668;Antoine
1669;Bo
1670;Antonin
1671;Brigitte
1672;Antonov
1673;BÃ¤rbel
1674;AntonoviÄ
1675;Caitlin
1676;Anuel
1677;Carla
1678;Apostolos
1679;Carmen
1680;Ara
1681;Caron
1682;Aras
1683;Catalina
1684;Areg
1685;Catharina
1686;Aris
1687;Catherine
1688;Arlo
1689;Cecilia
1690;Armenov
1691;Celina
1692;Aron
1693;Celine
1694;Artus
1695;Cemile
1696;ArtÃ«moviÄ
1697;Cemre
1698;Arvid
1699;Chanel
1700;Asif
1701;Charlize
1702;Atanas
1703;Charlotta
1704;Augustin
1705;Chiamaka
1706;Aurelio
1707;Christa
1708;Aurelius
1709;Christel
1710;AurÃ©l
1711;Christiane
1712;Avel
1713;Christina-Egle
1714;Azrael
1715;CirÅ«
1716;BagratoviÄ
1717;Claire
1718;Basi
1719;Claudia
1720;Bastian
1721;Coco
1722;BatÄ±n
1723;Corina
1724;Bela
1725;Cosma
1726;Benni
1727;Csilla
1728;Benno
1729;CÃ¤cilia
1730;Bjarne
1731;CÃ©leste
1732;Blacker
1733;D'arcy
1734;Blnd
1735;Dalia
1736;Boris
1737;Danila
1738;Borna
1739;Davina
1740;Bosse
1741;Defne
1742;Bratli
1743;Denise
1744;Brian
1745;DenisÃ¬vna
1746;Burak
1747;Dhamisa
1748;Cadeo
1749;Diya
1750;Caius
1751;Dmitry
1752;Carlo
1753;DmitrÃ¬vna
1754;Carsten
1755;Douala
1756;Cedric
1757;Dragana
1758;Cedrik
1759;Dzaharovna
1760;Chang
1761;Ebba
1762;Charly
1763;Ece
1764;Chengyou
1765;Ecrin
1766;Chinelo
1767;Editha
1768;Christiano
1769;Ekaterina
1770;Clemens
1771;Eleanor
1772;Connor
1773;Eleni
1774;Cornell
1775;Eleonor
1776;Cosmo
1777;Eleonora
1778;Cuma
1779;Elfe
1780;Cumali
1781;Eli
1782;CÃ´me
1783;Eliana
1784;Dai
1785;Elita
1786;Dale
1787;Eliz
1788;DalÃ­
1789;Elizabeth
1790;Damian
1791;Ellie
1792;Danso
1793;Eloise
1794;Dejan
1795;Else
1796;Dhyan
1797;Elvira
1798;Diao
1799;Elya
1800;Dimitrios
1801;Embla
1802;Djibril
1803;Emel
1804;DmitrieviÄ
1805;Emelie
1806;Dodi
1807;Emilie
1808;Dominic
1809;Emily
1810;Duran
1811;Emma-Lotte
1812;DuÅ¡an
1813;Emmi
1814;Dzhuneytov
1815;EmÃ©lie
1816;Ebbe
1817;Ena
1818;Ebubekir
1819;Enna
1820;Eden
1821;Erna
1822;Edison
1823;Esin
1824;Eduard
1825;Esja
1826;Eduardo
1827;Esra
1828;Edwardson
1829;Ester
1830;Egidio
1831;Eveline
1832;Ejder
1833;Ewa
1834;Ekrem
1835;EylÃ¼l
1836;Elean
1837;Fabienne
1838;Eli
1839;Fahriye
1840;Elian
1841;Fatou
1842;Elijah
1843;Feelina
1844;Elijan
1845;Felice
1846;Elio
1847;Felina
1848;Ellery
1849;Fenja
1850;Elman
1851;Feride
1852;Elvis
1853;Fiene
1854;Emad
1855;Filiz
1856;Emadt
1857;Fine
1858;Emanuelov
1859;Finnja
1860;Emiliano
1861;Firuze
1862;Emilien
1863;Flurina
1864;Emre
1865;Francesca
1866;Engin
1867;Francis
1868;Enno
1869;Francisca
1870;Enrique
1871;Franziska
1872;Enver
1873;Fredericia
1874;Enzo
1875;Freja
1876;Eremia
1877;Friede
1878;Esra
1879;Fritzi
1880;Ethan
1881;Gabriela
1882;Eugene
1883;Gaia
1884;Evgen'eviÄ
1885;Gemma
1886;Ewald
1887;Georgieva
1888;Ezechiel
1889;Georgine
1890;Fabio
1891;Giuseppina
1892;Faisal
1893;Guadalupe
1894;Farhad
1895;Gzime
1896;Faruk
1897;GÃ¼lseren
1898;Fatih
1899;GÃ¼lter
1900;Federico
1901;GÃ¼neÅŸ
1902;Felipe
1903;Halima
1904;Filix
1905;Hanan
1906;Findus
1907;Haniya
1908;Fionn
1909;Hauke
1910;Fjodor
1911;Havin
1912;Florentin
1913;Hazime
1914;Francesco
1915;Hedi
1916;Francis
1917;Helin
1918;Franciszek
1919;Henriette
1920;Frederico
1921;Hikari
1922;FrÃ©dÃ©ric
1923;Hilda
1924;Fynn
1925;Hisham
1926;Gaffar
1927;Hivda
1928;Georgiev
1929;HÃ¼ma
1930;Gereon
1931;Idun
1932;Ghazi
1933;Il'iniÄna
1934;Giacomo
1935;Ilayda
1936;Giancarlo
1937;Iliyanova
1938;Great
1939;Ilvie
1940;Guido
1941;Imani
1942;Guillaume
1943;Imara
1944;Gunjan
1945;Ioana
1946;Gunnar
1947;Irem
1948;Gunter
1949;Irene
1950;Hadrian
1951;Iris
1952;Hajo
1953;IrÃ¨ne
1954;Halil
1955;Isabelita
1956;Haluk
1957;Isabella
1958;Hamad
1959;Isabelle
1960;Hamada
1961;Iveel
1962;Hammadi
1963;Jakoba
1964;Han
1965;Jane
1966;Hardy
1967;Janne
1968;Harry
1969;Janushka
1970;Hartmut
1971;Jennifer
1972;Heng
1973;Jette
1974;Henning
1975;Jo
1976;Henryk
1977;Joanna
1978;Heribert
1979;Johanne
1980;Herschel
1981;Jola
1982;Hikmet
1983;Jori
1984;Hinnerk
1985;Josa
1986;Homayoun
1987;Josefine
1988;Hubert
1989;Joyce
1990;Hud
1991;Jua
1992;Ignacy
1993;Julia
1994;Ikaia
1995;Julie
1996;Ilay
1997;Juliet
1998;Iliya
1999;Juliette
2000;Ilya
2001;Juna
2002;Ilyes
2003;June
2004;Imanuel
2005;Junita
2006;Imi
2007;Juno
2008;Immanuel
2009;Jupiter
2010;Imre
2011;Kai
2012;Ioan
2013;Kai-Ying
2014;Iruel
2015;Kaia
2016;Irving
2017;Kalea
2018;Isaac
2019;Kalua
2020;Isao
2021;Kardelen
2022;Ismael
2023;Karen
2024;Issa
2025;Karin
2026;Ivan
2027;Karla
2028;IvanoviÄ
2029;Karlina
2030;Ivar
2031;Karola
2032;Ivaylov
2033;Karolin
2034;Iven
2035;Kathalea
2036;Jackson
2037;Katrin
2038;Jacob
2039;Kestra
2040;Jaimy
2041;Khaleesi
2042;Jamiro
2043;Kiki
2044;Janardhan
2045;Kim
2046;Janos
2047;Klaudia
2048;Janus
2049;Klio
2050;Jarek
2051;Korsgaard
2052;Jarne
2053;Krystyna
2054;Jaron
2055;KyrylÃ¬vna
2056;Javier
2057;Ladeyna
2058;Jay
2059;Lamia
2060;Jean
2061;Lamis
2062;Jens
2063;Larasati
2064;Jerimah
2065;Lavani
2066;Jim
2067;Lavinia
2068;Jlai
2069;Layla
2070;Joan
2071;Leentje
2072;Jogi
2073;Lenja
2074;Jon
2075;Leo
2076;Jones
2077;Leonora
2078;Jonny
2079;Lianyun
2080;Joon
2081;Liddy
2082;Jordan
2083;Liezel
2084;Jorge
2085;Liju
2086;Joscha
2087;Lila
2088;Joschua
2089;Lili
2090;Jost
2091;Lilith
2092;Jules
2093;Lilou
2094;Junior
2095;Lily
2096;Juno
2097;Linh
2098;Justin
2099;Linn
2100;Justus
2101;Linnea
2102;JÃ¶rg
2103;Liora
2104;Kaihan
2105;Lisa
2106;Kalle
2107;Lisbeth
2108;Karl-Henry
2109;Liseth
2110;Kasimir
2111;Livia
2112;Kaspar
2113;Livienne
2114;Kasper
2115;Ljubica
2116;Kay
2117;Lok-Hei
2118;Kenan
2119;Lolla
2120;Kerem
2121;Lorena
2122;Kevin
2123;Louve
2124;Kiano
2125;Love
2126;Kim
2127;Lu
2128;Kiragorn
2129;Lua
2130;Kirill
2131;Lucie
2132;Klee
2133;Lucy
2134;Klemens
2135;Lule
2136;Knuth
2137;Lusina
2138;Kofi
2139;Ly
2140;Kolja
2141;Lynette
2142;Konstantinos
2143;Lysanne
2144;Kurt
2145;Madeleine
2146;Kwadjo
2147;Madison
2148;Kwasi
2149;Mae
2150;Ky
2151;Maelle
2152;Kyle
2153;Mafalda
2154;KyryloviÄ
2155;Maia
2156;Lamine
2157;Maivi
2158;Larry
2159;Maj
2160;Lauren
2161;Makoto
2162;Laurent
2163;Maksimovna
2164;Le
2165;Malea
2166;Leano
2167;Malika
2168;Lenn
2169;Malisa
2170;Lennox
2171;Malka
2172;Leolo
2173;Malu
2174;Leonas
2175;MalÃ©n
2176;Leonhard
2177;Manao
2178;Leonid
2179;Mande
2180;Leonidas
2181;Manika
2182;Levente
2183;Manuela
2184;Liano
2185;Mara
2186;Linden
2187;Margareta
2188;Lino
2189;Margeaux
2190;Linus
2191;Margit
2192;Lipa
2193;Marguerite
2194;Ljuba
2195;Mari
2196;Lok
2197;Mariama
2198;Lokman
2199;Marieva
2200;Lorean
2201;Marilena
2202;Lorenz
2203;Marit
2204;Loris
2205;Marita
2206;Lou
2207;Marleen
2208;Luan
2209;Marlena
2210;Lucian
2211;Marta
2212;Ludovico
2213;Maryam
2214;Ludowick
2215;Marysol
2216;Luigi
2217;Masal
2218;Luk
2219;Matilda
2220;Luka
2221;Maxi
2222;Lukas
2223;Medine
2224;Luke
2225;Melek
2226;Lutz
2227;Melodie
2228;Lyor
2229;Melody
2230;LÃ©an
2231;Mera
2232;LÃ©lio
2233;Merle
2234;LÃ¼tfÃ¼
2235;Meryem
2236;Mael
2237;Mi-Ra
2238;Maik
2239;Michelle
2240;Maitri
2241;Mihriban
2242;Mansong
2243;Milla
2244;Manuel
2245;Millie
2246;Marcel
2247;Minna
2248;Marcello
2249;Mischa
2250;Marek
2251;Mohamed
2252;Mariev
2253;Má»¹
2254;Maris
2255;Nadezhdeva
2256;Marius
2257;Nadja
2258;Mark
2259;Nagini
2260;Marley
2261;Natalie
2262;Marlon-Junior
2263;Natascha
2264;MasruroviÄ
2265;Neelie
2266;Massimo
2267;Nela
2268;Mateo
2269;Nelani
2270;Matheo
2271;Nele
2272;Mathia
2273;Nesreen
2274;Mathis
2275;Nguyen
2276;Mats
2277;Ngá»c
2278;Matthias
2279;Nikol
2280;MatthÃ¤us
2281;Nikole
2282;Mauritz
2283;Nina
2284;Maximus
2285;Nini
2286;Maxwell
2287;Nittha
2288;Mbaye
2289;Noelle
2290;Mencey
2291;Noemi
2292;Metin
2293;Noor
2294;Micheal
2295;Nova
2296;Michel
2297;NoÃ©
2298;Mihael
2299;Nuran
2300;Mihailov
2301;Nuri
2302;Mika
2303;Nyarko
2304;Mikael
2305;Nzau
2306;Mikail
2307;Oda
2308;Mikhail
2309;Odine
2310;Milian
2311;Ohmine
2312;Mino
2313;OleksÃ¬Ã¯vna
2314;Minyul
2315;Olga
2316;Mio
2317;Oliv
2318;Miras
2319;Oliva
2320;Miron
2321;Olive
2322;Misha
2323;Omoyemwen
2324;Mitja
2325;Onyx
2326;Mogli
2327;Ophelia
2328;Mohamad
2329;Osama
2330;Mohamed
2331;Papaya
2332;Moise
2333;Parada
2334;Monty
2335;Persephone
2336;Moriba
2337;Persida
2338;Moses
2339;Phila
2340;Mosis
2341;Philia
2342;Moussa
2343;Philina
2344;Muhammed
2345;Philipa
2346;Muhyiddin
2347;Pia
2348;Muniboth
2349;Pippilotti
2350;MykytoviÄ
2351;Polina
2352;Myumyun
2353;Prisca
2354;MÃ®rhat
2355;Rachel
2356;Nader
2357;Rae
2358;Nahme
2359;Rafaela
2360;Nandi
2361;Rahel
2362;Naol
2363;Rami
2364;Nartey
2365;Ramona
2366;Natan
2367;Randa
2368;Navid
2369;Rani
2370;Nedim
2371;Renee
2372;NehemÃ­as
2373;Resi
2374;Nemia
2375;Rey
2376;Neo
2377;Riana
2378;Nevdzhivan
2379;Rita
2380;Nghia
2381;Robin
2382;Ngugi
2383;Roketi
2384;Nguyen
2385;Rokhaya
2386;Niam
2387;RomanÃ¬vna
2388;Niaz
2389;Rosi
2390;Nicklas
2391;Rubi
2392;Nielas
2393;Runa
2394;Nikita
2395;Sabine
2396;Nils
2397;Sahra
2398;Nino
2399;Salma
2400;Nirvan
2401;Salome
2402;Njue
2403;SalomÃ©
2404;Nkosi
2405;Salwa
2406;Noa
2407;Samantha
2408;Nooa
2409;Samira
2410;Noor
2411;Sandra
2412;Noyan
2413;Sarina
2414;Ocean
2415;Scarlett
2416;Odin
2417;Selma
2418;Ofuka
2419;Sena
2420;Olav
2421;Seo-Hee
2422;OleksandroviÄ
2423;Serena
2424;Omid
2425;Sezent
2426;Onno
2427;Shenandoah
2428;Orhan
2429;Signe
2430;Orhanov
2431;Silvana
2432;Orion
2433;Silvia
2434;Osamah
2435;Simone
2436;Oscar
2437;Sirin
2438;Parin
2439;Sofija
2440;Pascal
2441;Sole
2442;Patel
2443;Solveig
2444;Patrice
2445;Soni
2446;Peer
2447;StanislavÃ¬vna
2448;Percy
2449;Stephanie
2450;Perikles
2451;Subahi
2452;Petje
2453;Subeida
2454;PetroviÄ
2455;Sultan
2456;Philian
2457;Sunhay
2458;Philippe
2459;Sunitova
2460;Picardo
2461;Sure
2462;Pietro
2463;Susanne
2464;Pilou
2465;Susu
2466;Pino
2467;Tamar
2468;Piotr
2469;Tamara
2470;Quintus
2471;Tammi
2472;Quirin
2473;Thalia
2474;Radev
2475;Tharagai
2476;Rahim
2477;Therese
2478;Ramiz
2479;Theresia
2480;Rangsiman
2481;Thida
2482;Raouf
2483;Tilda
2484;RaphaÃ«l
2485;Timofeevna
2486;Rayan
2487;Tina
2488;Ren
2489;Tiril
2490;Rian
2491;Toma
2492;Rio
2493;Tora
2494;Riyadh
2495;Tracy
2496;RomanoviÄ
2497;Ufuoma
2498;Ruben
2499;Umi
2500;Rudolph
2501;Unica
2502;Saba
2503;Vahagn
2504;Sameh
2505;Vaia
2506;Samer
2507;Valentine
2508;Samu
2509;Valeria
2510;Santi
2511;Valerie
2512;Santiano
2513;Valeska
2514;Santino
2515;VasilÃ¬vna
2516;Sebastian
2517;Verena
2518;Sedat
2519;Veronica
2520;Selmir
2521;Veya
2522;Seojun
2523;Vida
2524;Serdal
2525;Vilai
2526;Seref
2527;Viola
2528;Sevastian
2529;Virginia
2530;Shahin
2531;Virginie
2532;Shervin
2533;Walburga
2534;ShokhimardonoviÄ
2535;Wanda
2536;Siegfried
2537;Wanjiru
2538;Soan
2539;Woo
2540;Sofian
2541;Xanthi
2542;Soul
2543;Xinya
2544;Stathis
2545;Xiyue
2546;Stephan
2547;Yadav
2548;Steven
2549;Yade
2550;Suheil
2551;Yaminah
2552;Sultan
2553;Yang
2554;Sunny
2555;Yankova
2556;Sven
2557;Yansanya
2558;SÃ©bastien
2559;Yasmin
2560;Taave
2561;Yeboah
2562;Taavi
2563;Yegvenia
2564;Taddeus
2565;Yen-Lin
2566;Tadeus
2567;Yi-Ting
2568;Tadeusz
2569;Yvonne
2570;Tahir
2571;Zara
2572;Tai
2573;Zazou
2574;Taiga
2575;Zeinab
2576;Talha
2577;Zelda
2578;Talu
2579;Zenobia
2580;Tamme
2581;Zinedine
2582;Tanju
2583;Zola
2584;Tanmay
2585;Ãine
2586;Tassilo
2587;Ã‚n
2588;Tenzin
2589;Ã‰milie
2590;Teoman
2591;Terrance
2592;Thales
2593;Thanh
2594;Theseus
2595;Thies
2596;ThÃ©o
2597;Tianrui
2598;Tiga
2599;Tillmann
2600;TimothÃ©
2601;Timur
2602;Titus
2603;Toghrul
2604;Tom
2605;Tomi
2606;TomÃ¡s
2607;Toni
2608;Toufik
2609;Tran
2610;Tri-Khang
2611;Tyler
2612;Udochi
2613;Ulrich
2614;Umair
2615;Umut
2616;Uriel
2617;ValentÃ­n
2618;Valer'eviÄ
2619;Valerian-Gerard
2620;Varian
2621;Varma
2622;Vasile
2623;Vasilije
2624;Ventura
2625;Victor
2626;Viet
2627;Vin
2628;Vito
2629;Vitus
2630;Volker
2631;VsevolodoviÄ
2632;Walid
2633;Wanja
2634;Werner
2635;Wilfried
2636;Willian
2637;Wincenty
2638;Wito
2639;Yago
2640;Yahya
2641;Yair
2642;Yakup
2643;Yaman
2644;Yang
2645;Yannis
2646;Yanyi
2647;Yasir
2648;YaÄŸiz
2649;Yoshi
2650;Yoshua
2651;Yousuf
2652;Yuankang
2653;Yue
2654;Yunseong
2655;Yves
2656;Zayan
2657;Zayne
2658;Zbigniew
2659;Zerui
2660;Zidane
2661;Zilin
2662;Ziya
2663;Zuma
2664;Ã‰van
2665;Ã–zcan
2666;ÅžÃªr
2667;È˜tefan
2668;Aadhesh
2669;Aarav
2670;Aariv
2671;Aaron-Andreas
2672;Abdelhadi
2673;Aarvi
2674;Abdelkader
2675;Adela
2676;Achilleas
2677;Adele
2678;Adam-Sultan
2679;Adeline
2680;Adi
2681;Adhya
2682;Adnan
2683;Afina
2684;Adonis
2685;Aglaia
2686;Adriel
2687;Aglaya
2688;Agastya
2689;Ahana
2690;Agim
2691;Aidel
2692;Ahmet
2693;Aili
2694;Ahmet-Arif
2695;Ain
2696;Aiden
2697;Aishwarya
2698;Ajan
2699;Aivi
2700;Aker
2701;Aiyana
2702;Akin
2703;Ajla
2704;AkÄ±n
2705;Ajlina
2706;Akinfolarin
2707;Ajsa
2708;Akram
2709;Akela
2710;Alaa
2711;Akira
2712;Alan
2713;Alani
2714;Alden
2715;Aleena
2716;Aleksander
2717;Alejandra
2718;Aleksey
2719;Alena
2720;Alessandro
2721;Alenja
2722;Alexander-Liam
2723;Alexia
2724;Alexandre
2725;Aleyna
2726;Alexandros
2727;Alia
2728;Alexis
2729;Alicja
2730;Alfred
2731;Alin
2732;Alfred-James
2733;Alina-Marie
2734;Alhassane
2735;Aline
2736;Ali-Sami
2737;Alissia
2738;Almin
2739;Alisya
2740;Almos
2741;Aliyah
2742;Alon
2743;Aliye
2744;Alouis
2745;Allegra
2746;Alp
2747;Allegra-Shalom
2748;Alpay
2749;Almila
2750;Altay
2751;Alyara
2752;Aluj
2753;Alyssia
2754;Alvar
2755;Amalie
2756;Amadou
2757;Amalya-Malak
2758;Aman
2759;Amana
2760;Amari
2761;Amanda
2762;Ami
2763;Amaya
2764;Amias
2765;Amber
2766;Amin
2767;Amei
2768;Amiran
2769;Amela
2770;Ander
2771;Amila
2772;Anels
2773;Amna
2774;Anis
2775;Amne
2776;Ansgar
2777;AmÃ©lie
2778;Ante
2779;An
2780;Antonin
2781;Anastasija
2782;Antonio
2783;Anaya
2784;Apollon
2785;Angela
2786;Aram
2787;Anika
2788;Arbel
2789;Aniko
2790;Archange
2791;Anita
2792;Arda
2793;Anka
2794;Ardan
2795;Anli
2796;Ardian
2797;Anna-Helene
2798;Arel
2799;Anna-Olia
2800;Aren
2801;Annabel
2802;Ari
2803;Annabella
2804;Arik
2805;Annabelle-Jolie
2806;Arinjay
2807;Annalotta
2808;Ariyan
2809;Annelie
2810;Arjun
2811;Annetje
2812;Arlo
2813;Annett
2814;Arnold
2815;Annie
2816;Aron
2817;Antonina
2818;Arsenije
2819;Anuka
2820;Arto
2821;Areen
2822;Arttu
2823;Ariadne
2824;Aryan
2825;Ariane
2826;Aslan
2827;Ariett
2828;Assem
2829;Arijela
2830;Atakan
2831;Aris
2832;Ates
2833;Armanda
2834;Atlantic
2835;Arsa
2836;Augustin
2837;Arta
2838;Aurel
2839;Artemis
2840;Aurilio
2841;Aseel
2842;Avi
2843;Ashna
2844;Avid
2845;Asija
2846;Avner
2847;AslÄ±
2848;Ayaan
2849;Assal
2850;Aybars
2851;Audrey
2852;Ayen
2853;Auguste
2854;Ayo
2855;Aurelia-Seraphin
2856;Ayxan
2857;AurÃ©lie
2858;Aziz
2859;Ava-Emilia
2860;Azriel
2861;Avelyn
2862;Bahta
2863;Aviva
2864;Bao
2865;Aya
2866;Basel
2867;Ayana
2868;Bayan
2869;Ayana-Mia
2870;Beka
2871;Ayat
2872;Bekir
2873;Ayumi
2874;Belal
2875;AyÃ§a
2876;Benaiah
2877;AyÃ©n
2878;Benan
2879;Bailasan
2880;Bene
2881;Baya
2882;Benedek
2883;Beara
2884;Benedikt
2885;Beatriz
2886;Benjin
2887;BegoÃ±a
2888;Bennett
2889;Belinay
2890;Benno
2891;Belinda
2892;Bent
2893;Bente
2894;Bento
2895;Berfin
2896;Berat
2897;Bianca
2898;Berkan
2899;Billie
2900;Bernhard
2901;Binka
2902;Bjarne
2903;BiÄ‡h
2904;BjÃ¶rn
2905;Boning
2906;Bodhi
2907;Briella
2908;Bodo
2909;Caitlyn
2910;Bojan
2911;Camille
2912;Boris
2913;Carlie
2914;Bosco
2915;Caroline
2916;Bosse
2917;Cassidy
2918;Botho
2919;Cathalia
2920;Brayan
2921;Cathalina
2922;Brimah
2923;Cathalyna
2924;Buna
2925;Cato
2926;BuÄŸra
2927;Cecilia
2928;BÃ©la
2929;Celin
2930;Caleb
2931;Celina
2932;Calixte
2933;Celine
2934;Caner
2935;Ceyla
2936;Casimir
2937;Ceylan
2938;Cassim
2939;Ceylan-Alla
2940;Castiel
2941;Che
2942;Cayden
2943;ChloÃ©
2944;Cedric
2945;Coco
2946;Cenk-Osman
2947;Constanza
2948;Cesur
2949;Cydra
2950;Cezar-Ieremia
2951;Dafina-Grace
2952;Chan
2953;Dalal
2954;Charles
2955;Damla
2956;Christopher
2957;Dana
2958;Cinar
2959;Daniela
2960;Cirino
2961;Daphna
2962;Cody
2963;Darya
2964;Collin
2965;Delanie
2966;Cosmin
2967;Delphine
2968;Cris
2969;Denisa
2970;Cyrus
2971;Deniz
2972;Damiano
2973;Destany
2974;Damir
2975;Dia
2976;Damun
2977;Dina
2978;Dante
2979;Dinh
2980;Daris
2981;Donna
2982;Darko
2983;Dora
2984;Darnell
2985;Dorra
2986;Davud
2987;Dzejna
2988;Dayyan
2989;DÃ©lice
2990;Dejvid
2991;Eda
2992;Demir
2993;Edana
2994;Deniro
2995;Edith
2996;Derman
2997;Efie
2998;Devon
2999;Efsun
3000;Dima
3001;Efsun-Ela
3002;Dimitar
3003;Eftelya
3004;DionysÃ­os-Rafael
3005;Ejona
3006;Dirk
3007;Ekaterina-Emma
3008;Divine
3009;Elaine
3010;Diyaan
3011;Elba
3012;Diyan
3013;Eleanora
3014;Diyo
3015;Eleanore
3016;Dmitri
3017;Eleni
3018;Dov
3019;Elenia
3020;Dries
3021;Elenor
3022;Duc
3023;Elenya
3024;Dulijano
3025;Eleyna
3026;Dunamis
3027;Eli
3028;DuÅ¡ko
3029;Elianne
3030;Dzhesur
3031;Elijana
3032;Edan
3033;Eliora
3034;Eddi
3035;Elisija
3036;Eddie
3037;Eliza
3038;Ede
3039;Elizabella
3040;Edis-ThÃ©on
3041;Eljessa
3042;Ediz
3043;Ellen
3044;Ediz-Mergen
3045;Elma
3046;Eduardo
3047;Elodie
3048;Edward
3049;Emelie
3050;Efe
3051;Emiko
3052;Egehan
3053;Emilya
3054;Egon
3055;Emine
3056;Eitan
3057;Emma-Zofia
3058;Elay
3059;Emmanuelle
3060;Elder
3061;Emmeline
3062;Eleano
3063;Ena
3064;Eliah
3065;Eniko
3066;Elias-Said
3067;Enne
3068;Elija
3069;Enora
3070;Elino
3071;Era
3072;Elios
3073;Erica
3074;Elis
3075;Erika
3076;Elisei
3077;Erin
3078;Elliott
3079;Erna
3080;Elmar
3081;Ernestine
3082;Elmin
3083;Esenia
3084;Elon
3085;Esil
3086;Elyabel
3087;Esma
3088;Emad
3089;Esra
3090;Emilien
3091;Esraa
3092;Emmanuel
3093;Estelle
3094;Emre
3095;Eugenia
3096;Eneas
3097;Eva-Marlen
3098;Engin
3099;Eve
3100;Enlil
3101;Evelyn
3102;Enon
3103;Evita
3104;Enyo
3105;EvÃ®n
3106;Eray
3107;EylÃ¼l
3108;Erich
3109;Feirus
3110;ErtuÄŸrul
3111;Felicitas
3112;Erwin
3113;Felina
3114;Ethan
3115;Feline
3116;Etienne
3117;Felisia
3118;Ettore
3119;Felizia
3120;Even
3121;Fenja
3122;Evren
3123;Fenne
3124;Eyad
3125;Feyza
3126;Eytan
3127;Fieda
3128;Ezan
3129;Fikreta
3130;Ezra
3131;Filomena
3132;Fadi
3133;Fine
3134;Fahed
3135;Fiona-Lara
3136;Farid
3137;Fjola
3138;Faris
3139;Florence
3140;Feanor
3141;Florentine
3142;Felin
3143;Florica
3144;Felipe
3145;Frances
3146;FeramÃ¼z
3147;Franka
3148;Ferdows
3149;Freeha
3150;Feyzo
3151;Freja-Hannah
3152;Fidelis
3153;Fritzie
3154;Filian
3155;Gabriella
3156;Filipe
3157;Gaby
3158;Filippo
3159;Georgia
3160;Filippos
3161;Gerda
3162;Finnian
3163;Gergana
3164;Fjell
3165;Gesa
3166;Florin
3167;Gianella
3168;Floyd
3169;Gilana
3170;Flynn
3171;Ginevra
3172;Forat
3173;Gioia
3174;Franciszek
3175;Giorgia
3176;Franziskus
3177;Giselle
3178;Freddy
3179;Gita
3180;Friedo
3181;Giuliana
3182;Fulk
3183;Gloria
3184;Fulvio
3185;Grace
3186;Gabriel-HonorÃ©
3187;Gretchen
3188;Galahad
3189;GÃ¼listan
3190;Gassem
3191;Haily
3192;George
3193;Hanadi
3194;German
3195;Harper
3196;Giacomo
3197;Hatice
3198;Gilbert
3199;Havin
3200;Gioele
3201;Hayah
3202;Gramoz
3203;Haylie
3204;Gregory
3205;Hazal
3206;Grigorij
3207;Hedda
3208;Guangchen
3209;Hedy
3210;Gunnar
3211;Helin
3212;Guntram
3213;HelÃ®n
3214;Gustavo
3215;Henrietta
3216;GÃ¼ven
3217;Henrike
3218;Hadi
3219;Hettie
3220;Hakeem
3221;Heval
3222;Hakim
3223;Hevin
3224;Hakuren
3225;Heviya
3226;Hamza-Mufid
3227;Hilda
3228;Hans
3229;Hilde
3230;Hardy
3231;Hira
3232;Hauke
3233;Holda
3234;Hayk
3235;Holli
3236;Hedi
3237;Ä°kranur
3238;Hektor
3239;Ilay
3240;Helge
3241;Ä°lay
3242;Hendrik
3243;Ileana
3244;Henning
3245;Iliana-Eleni
3246;Henning-Phileas
3247;Ilva
3248;Hermann
3249;Ilyana
3250;Hichem
3251;Iman
3252;Hilmar
3253;Ina
3254;Horacy
3255;Inara
3256;Hota
3257;Inas
3258;Hussein
3259;Inga
3260;Há»“
3261;Ingvild
3262;Ibaka
3263;Iolanthi
3264;Ibrahima
3265;Iona
3266;Idan
3267;Ira
3268;Idris
3269;Irene
3270;Iisa
3271;Irma
3272;Ilay
3273;Isa
3274;IlaÃ¯
3275;Isabell
3276;Ilham
3277;Isabelle
3278;Ilia
3279;Ise
3280;Ä°lia
3281;Iulia
3282;Ilias
3283;Iulianiya
3284;Ilijas
3285;Ivana
3286;Ilirian
3287;Ivanna
3288;Iljas
3289;Ivie
3290;Illyrian
3291;Izabella
3292;Ilya
3293;Izzabella
3294;Ilyan
3295;Jaane
3296;Ä°lyan
3297;Jamilia
3298;Ion
3299;Janal
3300;Ionas
3301;Janna
3302;Isa
3303;Janne
3304;Isaac-Noel
3305;Jasha
3306;Isay
3307;Jessica
3308;Ishaq
3309;Jette
3310;Ishchan
3311;Jiayue
3312;Iskren
3313;Jiyan
3314;Ismael
3315;Jocye
3316;Issa
3317;Joella
3318;Issah
3319;Joleen
3320;Ivar
3321;Jolina
3322;Ivo
3323;Jona
3324;Izaak
3325;Jonna
3326;Jad
3327;Joulie
3328;Jadon-Mateo
3329;Jouline
3330;Jahvis
3331;Jovana
3332;Jakov
3333;Joyce
3334;Jaleel
3335;Juli
3336;Jamal
3337;Juliane
3338;Jannik
3339;Juliette
3340;Jano
3341;Julija
3342;Jaron
3343;Julika
3344;Jascha
3345;Julina
3346;Jawad
3347;Junita
3348;Jean
3349;Juwairiya
3350;Jerick
3351;Kajsa
3352;Jermaine
3353;Kalea
3354;Jibril
3355;Kamar
3356;Jihad
3357;Kara
3358;Jim
3359;KaraÃ§a
3360;Jimit
3361;Karina
3362;Joa
3363;Karolina
3364;Joah
3365;Kassandra
3366;Joakim
3367;Katayoun
3368;Joan
3369;Katharina
3370;Joas
3371;Kaya
3372;Joe
3373;Keara
3374;Jonis
3375;Khadija
3376;Jonte
3377;Khady
3378;Jori
3379;Kháº£
3380;Joschua
3381;Kiara
3382;Josef-Osman
3383;Kim
3384;Josh
3385;Kimi
3386;Jost
3387;Kisha
3388;Joubin
3389;Kisu
3390;Julez
3391;Klara-Maria
3392;Junes
3393;Kriti
3394;Jurij
3395;Kruna
3396;Kadir
3397;Laetitia
3398;Kai
3399;Lale
3400;Kais
3401;Lamija
3402;Kajetan
3403;Larine
3404;Kaleo
3405;Lark
3406;Kalle
3407;Lauren
3408;Kamil
3409;Lazara
3410;Kamin
3411;Leana
3412;Karan
3413;Leela
3414;Karel
3415;Leerke
3416;Karl-Gustav
3417;Leia-Amelia
3418;Kasim
3419;Leila
3420;Kasimir
3421;Leilani
3422;Kaspar
3423;Lelah
3424;Kasper
3425;Lenka
3426;Kayra
3427;Lennja
3428;Keenan
3429;Lenora
3430;Kelvin
3431;Lenya
3432;Kerim
3433;Leonor
3434;Keyan
3435;Leonora
3436;Keywan
3437;Leonore
3438;Khaled
3439;Leora
3440;Khalil
3441;Leticia
3442;Khamzat
3443;Levina
3444;Khang-Hy
3445;Leyan
3446;Kieran
3447;Leyla
3448;Kingsley
3449;Leynie
3450;Kirk
3451;Liana
3452;Kivanc
3453;Libby
3454;Kolja
3455;Lida
3456;Koray
3457;Lien
3458;Kristoff
3459;Lija
3460;Kutay
3461;Lilas
3462;Kyan
3463;Lilian
3464;Kylian
3465;Lillia
3466;Kyrie
3467;Lily
3468;Labib
3469;Linah
3470;Laith
3471;Line
3472;Lamine
3473;Linea
3474;Lanis
3475;Liska
3476;Laszlo
3477;Liyana
3478;Lauren
3479;Loa
3480;Laurentin
3481;London
3482;Laurin
3483;Loredana
3484;Leandro
3485;Lorelai
3486;Leandros
3487;Loresa
3488;Lear
3489;Loressa
3490;Leevi
3491;Louane
3492;Leeyo
3493;Loulia
3494;Lejs
3495;Luana
3496;Lelio
3497;Luana-Rose
3498;Lenn
3499;Lucie
3500;Lenni
3501;LucÃ­a
3502;Lennox
3503;Luka
3504;Leonid
3505;Luming
3506;Leontin
3507;Luuna
3508;Leriko
3509;Luzy
3510;Levan
3511;Lya
3512;Levent
3513;Lydia
3514;Levente
3515;Lyra
3516;Levian
3517;Lysan
3518;Lijan
3519;Maddi
3520;Lior
3521;Madelyn
3522;Lir
3523;Maditha
3524;Livio
3525;Madlen
3526;Logan
3527;Maelle
3528;Lope
3529;Maeve
3530;Lorenz
3531;Maia
3532;Lorin
3533;Maila
3534;Lotus
3535;Mailinda
3536;Loui
3537;Maissan
3538;Louie
3539;Majla
3540;Luan
3541;Malaak
3542;Luan-Fernando
3543;Malaika
3544;Luano
3545;Malake
3546;Lucas-Jaden
3547;Maleh
3548;Luciano
3549;Malie
3550;Lucjan
3551;Malina
3552;Lucretius
3553;Maliza
3554;Luis-Malte
3555;Malous
3556;Luiz
3557;Mana
3558;Lutz
3559;Marah
3560;Luwin
3561;Margad
3562;Lyan
3563;Margarete
3564;Lyron
3565;Margaretha
3566;Lysander
3567;Mariella
3568;LÃ©o
3569;Marilena
3570;LÃ©vi
3571;Marilu
3572;LÃª
3573;Marina
3574;Magnus
3575;Marit
3576;Mahmood-Jibriel
3577;Maro
3578;Mahmoud
3579;Marsilina
3580;Mailo
3581;Marta
3582;Maksim
3583;Masa
3584;Malek
3585;Masha
3586;Malio
3587;Massa
3588;Marcel
3589;Matilde
3590;Marco
3591;Mawaddah
3592;Marin
3593;Maxi
3594;Mario
3595;Maxima
3596;Maris
3597;Mayssene
3598;Marku
3599;Meda
3600;Markus
3601;Meliah
3602;Marlin
3603;Meliha
3604;Marlon
3605;Melis
3606;Marten
3607;Melis-Sena
3608;Martin
3609;Mercedes
3610;Marwin
3611;Merida
3612;Mason
3613;Mersana
3614;Massud
3615;Mersina
3616;Massyl
3617;Meta
3618;Matei
3619;Meyra
3620;Mathyas
3621;Michelle
3622;Matima
3623;Mieke
3624;Mattes
3625;Mihrinaz
3626;Maurice
3627;Milda
3628;Max-Leopold
3629;Milia
3630;Mayar
3631;Millie
3632;MaÃ«l
3633;Milou
3634;Melik
3635;Mina-Milu
3636;Merab
3637;Minela
3638;Meran
3639;Minna
3640;Merritt
3641;Miral
3642;Mertali
3643;Miray
3644;Mervan
3645;Miraya
3646;Mian
3647;Mirela
3648;Mica
3649;Mirijam
3650;Michele
3651;Mirra
3652;Miguel
3653;Miya
3654;Mihran
3655;Momo
3656;Mikael
3657;Mounira
3658;Mikhail
3659;Murielle
3660;Mikkel
3661;Myra
3662;Miles
3663;MÃ¼berra
3664;Milot
3665;Naaliyah
3666;Milow
3667;Nadia
3668;Minu
3669;Nadja
3670;Miralem
3671;Naira
3672;Mirdon
3673;Nairana
3674;Miroslav
3675;Najla
3676;Mischa
3677;Namira
3678;Mohammad-Saleh
3679;Naomi
3680;Moro
3681;Nara
3682;Mory
3683;Nayla
3684;Moulay
3685;Nayomi
3686;Moussa
3687;Nayra
3688;Moxuan
3689;Nazar
3690;Munay
3691;Nefeli
3692;Mylo-Maximilian
3693;Nehir
3694;MÃ®rhat
3695;Nejra
3696;Nader
3697;Nella
3698;Nahuel
3699;Neslisah
3700;Nail
3701;Neta
3702;Naim
3703;Nevi
3704;Nalu
3705;Nevin
3706;Nanook
3707;Neylani
3708;Naser
3709;Nia
3710;Nathaniel
3711;Nia-Jennisa
3712;NaÃ«l
3713;Nikole
3714;Neel
3715;Nilssa
3716;Nelian
3717;Nisan
3718;Nero
3719;Nitya
3720;Nestor
3721;Noura
3722;Nevio
3723;Nova
3724;Nicklas
3725;NuÅŸa
3726;Niclas
3727;Ofri
3728;Nico
3729;Ora
3730;NicolÃ¡s
3731;Ori
3732;Niels
3733;Oriah
3734;Nikon
3735;Ornella
3736;Nikos
3737;Othilie
3738;Nilsson
3739;Ottilie
3740;Nimar
3741;Palina
3742;Nino
3743;Panna
3744;Nio
3745;Paola
3746;Noa
3747;Patricia
3748;Noam
3749;Paula-Roberta
3750;Norah
3751;Pauli
3752;Norbu
3753;Perla
3754;Nouh
3755;Philina
3756;Noui
3757;Piya
3758;Nouri
3759;Pola
3760;Noyan
3761;Polly
3762;NoÃ©
3763;Pratyusha
3764;Nuri
3765;Quinn
3766;Obrian
3767;Rachele
3768;Odysseas
3769;Raffie
3770;Okan
3771;Rafif
3772;Oliverio
3773;Raihan
3774;Olivier
3775;Ramsya
3776;Olli
3777;Rania
3778;Omid
3779;Raphaella
3780;Onno
3781;Ravenna
3782;Oriel
3783;Rawan
3784;Oscar-Ryan
3785;Rayan
3786;Ove
3787;Rebecca
3788;Ovi
3789;Reema
3790;Owais
3791;Refael
3792;Paavo
3793;Reyyan
3794;Pakin
3795;Rieke
3796;Panagiotis
3797;Riyam
3798;Panayot
3799;Robin
3800;Paolo
3801;Rosalia
3802;Pau
3803;Rose
3804;Peer
3805;Rosi
3806;Pelle
3807;Roxy
3808;Petar
3809;Roya
3810;Phin
3811;Rubi
3812;Pius
3813;Runa
3814;Plaaj
3815;Ruqayyah
3816;Platon
3817;Rylee
3818;Qaisser
3819;Sahra
3820;Quentin
3821;Salome
3822;Quint
3823;Salwa
3824;Raduan
3825;Samuyuktha
3826;Raffael
3827;Sarnai
3828;Raffaele
3829;Sascha
3830;Rahul
3831;Sasha
3832;Raoni
3833;Saskia
3834;RaphaÃ«l
3835;Savannah-Kayla
3836;Rashid
3837;Sayra
3838;Ravi
3839;Scarlett
3840;RayÃ©
3841;Schnee
3842;Razak
3843;Seah
3844;Remus
3845;Selvi
3846;Rian
3847;Sema
3848;Riccardo
3849;Semora
3850;Rik
3851;Seo
3852;Riku
3853;Seraphina
3854;Roan
3855;Seren
3856;Rocco
3857;Serenay
3858;Roko
3859;Serra
3860;Romeo
3861;Shahd
3862;Roshan
3863;Shana
3864;Roth
3865;Sheyenne
3866;Ruben
3867;Shuyue
3868;Rudi
3869;Sima
3870;Ruhid
3871;Sinem
3872;Ruslan
3873;Skylar
3874;Ryan
3875;Sodgerel
3876;RÃ©mi
3877;Sofie
3878;Safet
3879;Sofiea
3880;Said
3881;Soleil
3882;Sail
3883;Soley-ValiÃ©e
3884;Saiph
3885;Solin
3886;Sajan
3887;Soliya
3888;Salem
3889;Solomiya
3890;Salih
3891;Solveig
3892;Salihan
3893;Sookie
3894;Salomey
3895;Sophia-Ray
3896;Salvador
3897;Sosvien
3898;Sam
3899;Soufien
3900;Sami
3901;Sreenidhi
3902;Samson
3903;StaÅ¡a
3904;Sancho
3905;Stefania
3906;Sanel
3907;Stefanie
3908;Sascha
3909;Stesi
3910;Savash
3911;Stina
3912;Sayf
3913;Sue
3914;SaÅ¡a
3915;Sumaja
3916;Scott
3917;Sura-Su
3918;Sebastian
3919;Svala
3920;Serafim
3921;Svenja
3922;Seyed
3923;Tabea
3924;Seyyid
3925;Taisia
3926;Shaban
3927;Tala
3928;Shion
3929;Talia
3930;Shkodran
3931;Talin
3932;Shreyas
3933;Talvi
3934;Shukri
3935;Tamar
3936;Silvio
3937;Tamara
3938;Simeon
3939;Tamia
3940;SimÃ³n
3941;Tamila
3942;Siyah
3943;Tamnou
3944;Slavoljub
3945;Tara
3946;Smail
3947;Tea
3948;Sofian
3949;Telja
3950;Solal
3951;Teona
3952;Stanley
3953;Teresa
3954;Stepan
3955;Tesa
3956;Subhan
3957;Tessa
3958;Sukrit
3959;Thalia
3960;Sway
3961;Thara
3962;Taio
3963;ThaÃ¯s
3964;Tamay
3965;Theresia
3966;Tameo
3967;Thereza
3968;Tanay
3969;Thora
3970;Tanishq
3971;Tilawa
3972;Tao
3973;Tillie
3974;Taro
3975;Tiyana
3976;Tavi
3977;Tomma
3978;Tayfun
3979;Tomoka
3980;Taylan
3981;Tonia
3982;Taymour
3983;Tove
3984;Tayo
3985;Tulin
3986;Temuge
3987;Uliana
3988;Teo
3989;Valeria
3990;Thaddaeus
3991;Vanida
3992;Thakur
3993;Vanisa
3994;Tharu
3995;Vanja
3996;Thees
3997;Vasilena
3998;Theodore
3999;Vera
4000;Theon
4001;Vesna
4002;Thiago
4003;Vesta
4004;Thies
4005;Vian
4006;Thom
4007;Viann
4008;ThÄƒng
4009;Vicktoria
4010;Tiam
4011;Victoria-Elisa
4012;Ties
4013;Victoria-Maria
4014;Tihomir
4015;Vika
4016;Tim-Noah
4017;Viola
4018;Timo
4019;Viviane
4020;Timofey
4021;Vivienne
4022;Timotei
4023;Wiktoria
4024;Titus
4025;Wilhelmina
4026;Tjelle
4027;Winnie
4028;Toby
4029;Winter
4030;Toma
4031;Yadira
4032;Tommi
4033;Yamila
4034;Tristan
4035;Yamina
4036;Tsuraya
4037;Yaren
4038;Tymon
4039;Yasemin
4040;Tyrese
4041;Yasira-Elif
4042;Umut
4043;Yasmin
4044;Uzay
4045;Yatika
4046;Val
4047;YaÄŸmur
4048;Valerio
4049;Yekbun
4050;Vasilije
4051;Yelda
4052;Veaceslav
4053;Ylva
4054;Veysel
4055;Yuanli
4056;Vinzenz
4057;Zaira
4058;Vitomir
4059;Zakia
4060;Vlad
4061;Zayna
4062;Wanja
4063;Zazie
4064;Wes
4065;Zelal
4066;Wiktor
4067;Zelie
4068;Wilhelm
4069;Zeliha
4070;Wille
4071;Zhianbyen
4072;Willem
4073;Zlatka
4074;Willy
4075;Zosia
4076;Wise
4077;Zuri
4078;Wojciech
4079;Ã‰den
4080;Wolf
4081;ÃŒvanna
4082;Wyn
4083;Ã–ykÃ¼
4084;Xaver
4085;Åucja
4086;Yaakoub
4087;Åžadiyenur
4088;Yacine
4089;Yadiel
4090;Yago
4091;Yakub
4092;Yakup-Efe
4093;Yaman
4094;Yamen
4095;Yannai
4096;Yannick
4097;Yannis
4098;Yari
4099;Yaron
4100;Yaroob
4101;Yaseen
4102;Yasser
4103;Yassin
4104;Yavi
4105;Yeonu
4106;Yilin
4107;Yimo
4108;Yosef
4109;Younas
4110;Yousef
4111;Yousseff
4112;Yousuf
4113;Yuki
4114;Yunes
4115;Yuri
4116;Zachariah
4117;Zain
4118;Zana
4119;Zaroun
4120;Zaryan
4121;Zayn
4122;Zein
4123;Zeynel
4124;Zi
4125;Zinar
4126;ZinÃ©dine
4127;Zlatomir
4128;Ã‡aÄŸatay
4129;Ã‰lie
4130;Ã‰mile
4131;Ã‰tienne
4132;Ã–zhan
